#include "grass.h"
const uint16_t epd_grass [] PROGMEM = {
0xffff, 0xffff, 0xffff, 0xffff, 0xffff, 0xffff, 0xffff, 0xffff, 0xffff, 0xffff, 0xffff, 0xffff, 0xffff, 0xffff, 0xffff, 0xffff, 
	0xffff, 0xffff, 0xffff, 0xffff, 0xffff, 0xffff, 0xffff, 0xffff, 0xffff, 0xffff, 0xffff, 0xffff, 0xffff, 0xffff, 0xffff, 0xffff, 
	0xffff, 0xffff, 0xffff, 0xffff, 0xffff, 0xffff, 0xffff, 0xffff, 0xffff, 0xffff, 0xffff, 0xffff, 0xffff, 0xffff, 0xffff, 0xffff, 
	0xffff, 0xffff, 0xffff, 0xffff, 0xffff, 0xffff, 0xffff, 0xffff, 0xffff, 0xffff, 0xffff, 0xffff, 0xffff, 0xffff, 0xffff, 0xffff, 
	0xffff, 0xffff, 0xffff, 0xffff, 0xffff, 0xffff, 0xffff, 0xffff, 0xffff, 0xffff, 0xffff, 0xffff, 0xffff, 0xffff, 0xffff, 0xffff, 
	0xffff, 0xffff, 0xffff, 0xffff, 0xffff, 0xffff, 0xffff, 0xffff, 0xffff, 0xffff, 0xffff, 0xffff, 0xffff, 0xffff, 0xffff, 0xffff, 
	0xffff, 0xffff, 0xffff, 0xffff, 0xffff, 0xffff, 0xffff, 0xffff, 0xffff, 0xffff, 0xffff, 0xffff, 0xffff, 0xffff, 0xffff, 0xffff, 
	0xffff, 0xffff, 0xffff, 0xffff, 0xffff, 0xffff, 0xffff, 0xffff, 0xffff, 0xffff, 0xffff, 0xffff, 0xffff, 0xffff, 0xffff, 0xffff, 
	0xffff, 0xffff, 0xffff, 0xffff, 0xffff, 0xffff, 0xffff, 0xffff, 0xffff, 0xffff, 0xffff, 0xffff, 0xffff, 0xffff, 0xffff, 0xffff, 
	0xffff, 0xffff, 0xffff, 0xffff, 0xffff, 0xffff, 0xffff, 0xffff, 0xffff, 0xffff, 0xffff, 0xffff, 0xffff, 0xffff, 0xffff, 0xffff, 
	0xffff, 0xffff, 0xffff, 0xffff, 0xffff, 0xffff, 0xffff, 0xffff, 0xffff, 0xffff, 0xffff, 0xffff, 0xffff, 0xffff, 0xffff, 0xffff, 
	0xffff, 0xffff, 0xffff, 0xffff, 0xffff, 0xffff, 0xffff, 0xffff, 0xffff, 0xffff, 0xffff, 0xffff, 0xffff, 0xffff, 0xffff, 0xffff, 
	0xffff, 0xffff, 0xffff, 0xffff, 0xffff, 0xffff, 0xffff, 0xffff, 0xffff, 0xffff, 0xffff, 0xffff, 0xffff, 0xffff, 0xffff, 0xffff, 
	0xffff, 0xffff, 0xffdf, 0xffff, 0xffff, 0xffff, 0xffff, 0xffff, 0xffff, 0xffff, 0xffff, 0xffff, 0xffff, 0xffff, 0xffff, 0xffff, 
	0xffff, 0xffff, 0xffff, 0xffff, 0xffff, 0xffff, 0xffff, 0xffff, 0xffff, 0xffff, 0xffff, 0xffff, 0xffff, 0xffff, 0xffff, 0xffff, 
	0xffff, 0xffff, 0xffff, 0xffff, 0xffff, 0xffff, 0xffff, 0xffff, 0xffff, 0xffff, 0xffff, 0xffff, 0xffff, 0xffff, 0xffff, 0xffff, 
	0xffff, 0xffff, 0xffff, 0xffff, 0xffff, 0xffff, 0xffff, 0xffff, 0xffff, 0xffff, 0xffff, 0xffff, 0xffff, 0xffff, 0xffff, 0xffff, 
	0xffff, 0xffff, 0xffff, 0xffff, 0xffff, 0xffff, 0xffff, 0xffff, 0xffff, 0xffff, 0xffff, 0xffff, 0xffff, 0xffff, 0xffff, 0xffff, 
	0xffff, 0xffff, 0xffff, 0xffff, 0xffff, 0xffff, 0xffff, 0xffff, 0xffff, 0xffff, 0xffff, 0xffff, 0xffff, 0xffff, 0xffff, 0xffff, 
	0xffff, 0xffff, 0xffff, 0xffff, 0xffff, 0xffff, 0xffff, 0xffff, 0xffff, 0xffff, 0xffff, 0xffff, 0xffff, 0xffff, 0xffff, 0xffff, 
	0xffff, 0xffff, 0xffff, 0xffff, 0xffff, 0xffff, 0xffff, 0xffff, 0xffff, 0xffff, 0xffff, 0xffff, 0xffff, 0xffff, 0xffff, 0xffff, 
	0xffff, 0xffff, 0xffff, 0xffff, 0xffff, 0xffff, 0xffff, 0xffff, 0xffff, 0xffff, 0xffff, 0xffff, 0xffff, 0xffff, 0xffff, 0xffff, 
	0xffff, 0xffff, 0xffff, 0xffff, 0xffff, 0xffff, 0xffff, 0xffff, 0xffff, 0xffff, 0xffff, 0xffff, 0xffff, 0xffff, 0xffff, 0xffff, 
	0xffff, 0xffff, 0xffff, 0xffff, 0xffff, 0xffff, 0xffff, 0xffff, 0xffff, 0xffff, 0xffff, 0xffff, 0xffff, 0xffff, 0xffff, 0xffff, 
	0xffff, 0xffff, 0xffff, 0xffff, 0xffff, 0xffff, 0xffff, 0xffff, 0xffff, 0xffff, 0xffff, 0xffff, 0xffff, 0xffff, 0xffff, 0xffff, 
	0xffff, 0xffff, 0xffff, 0xffff, 0xffff, 0xffff, 0xffff, 0xffff, 0xffff, 0xffff, 0xffff, 0xffff, 0xffff, 0xffff, 0xffff, 0xffff, 
	0xffff, 0xffff, 0xffff, 0xffff, 0xffff, 0xffff, 0xffff, 0xffff, 0xffff, 0xffff, 0xffff, 0xffff, 0xffff, 0xffff, 0xffff, 0xffff, 
	0xffff, 0xffff, 0xffff, 0xffff, 0xffff, 0xffff, 0xffff, 0xffff, 0xffff, 0xffff, 0xffff, 0xffff, 0xffff, 0xffff, 0xffff, 0xffff, 
	0xffff, 0xffff, 0xfffe, 0xfffe, 0xfffe, 0xfffe, 0xffff, 0xffff, 0xffff, 0xffff, 0xffff, 0xffff, 0xffff, 0xffff, 0xffdf, 0xffff, 
	0xffff, 0xffff, 0xffff, 0xffff, 0xffff, 0xffff, 0xffff, 0xffff, 0xffff, 0xffff, 0xffff, 0xffff, 0xffff, 0xffff, 0xffff, 0xffff, 
	0xffff, 0xffff, 0xffff, 0xffff, 0xffff, 0xffff, 0xffff, 0xffff, 0xffff, 0xffff, 0xffff, 0xffff, 0xffff, 0xffff, 0xffff, 0xffff, 
	0xffff, 0xffff, 0xffff, 0xffff, 0xffff, 0xffff, 0xffff, 0xffff, 0xffff, 0xffff, 0xffff, 0xffff, 0xffff, 0xffff, 0xffff, 0xffff, 
	0xffff, 0xffff, 0xffff, 0xffff, 0xffff, 0xffff, 0xffff, 0xffff, 0xffff, 0xffff, 0xffff, 0xffff, 0xffff, 0xffff, 0xffff, 0xffff, 
	0xffff, 0xffff, 0xffff, 0xffff, 0xffff, 0xffff, 0xffff, 0xffff, 0xffff, 0xffff, 0xffff, 0xffff, 0xffff, 0xffff, 0xffff, 0xffff, 
	0xffff, 0xffff, 0xffff, 0xffff, 0xffff, 0xffff, 0xffff, 0xffff, 0xffff, 0xffff, 0xffff, 0xffff, 0xffff, 0xffff, 0xffff, 0xffff, 
	0xffff, 0xffff, 0xffff, 0xffff, 0xffff, 0xffff, 0xffff, 0xffff, 0xffff, 0xffff, 0xffff, 0xffff, 0xffff, 0xffff, 0xffff, 0xffff, 
	0xffff, 0xffff, 0xffff, 0xffff, 0xffff, 0xffff, 0xffff, 0xffff, 0xffff, 0xffff, 0xffff, 0xffff, 0xffff, 0xffff, 0xffff, 0xffff, 
	0xffff, 0xffff, 0xffff, 0xffff, 0xffff, 0xffff, 0xffff, 0xffff, 0xffff, 0xffff, 0xffff, 0xffff, 0xffff, 0xffff, 0xffff, 0xffff, 
	0xffff, 0xffff, 0xffff, 0xffff, 0xffff, 0xffff, 0xffff, 0xffff, 0xffff, 0xffff, 0xffff, 0xffff, 0xffff, 0xffff, 0xffff, 0xffff, 
	0xffff, 0xffff, 0xffff, 0xffff, 0xffff, 0xffff, 0xffff, 0xffff, 0xffff, 0xffff, 0xffff, 0xffff, 0xffff, 0xffff, 0xffff, 0xffff, 
	0xffff, 0xffff, 0xffff, 0xffff, 0xffff, 0xffff, 0xffff, 0xffff, 0xffff, 0xffff, 0xffff, 0xffff, 0xffff, 0xffff, 0xffff, 0xffff, 
	0xffff, 0xffff, 0xffff, 0xffff, 0xffff, 0xffff, 0xffff, 0xffff, 0xffff, 0xffff, 0xffff, 0xffff, 0xffff, 0xffff, 0xffff, 0xffff, 
	0xffff, 0xffff, 0xffff, 0xffff, 0xffff, 0xffff, 0xffff, 0xffff, 0xffff, 0xffff, 0xffff, 0xffff, 0xffff, 0xffff, 0xffff, 0xffff, 
	0xfffe, 0xf7dc, 0xe799, 0xe7d9, 0xeffb, 0xf7fd, 0xfffe, 0xffff, 0xfffe, 0xffff, 0xffff, 0xffff, 0xffff, 0xffff, 0xffff, 0xffff, 
	0xffff, 0xffff, 0xffff, 0xffff, 0xffff, 0xffff, 0xffff, 0xffff, 0xffff, 0xffff, 0xffff, 0xffff, 0xffff, 0xffff, 0xffff, 0xffff, 
	0xffff, 0xffff, 0xffff, 0xffff, 0xffff, 0xffff, 0xffff, 0xffff, 0xffff, 0xffff, 0xffff, 0xffff, 0xffff, 0xffff, 0xffff, 0xffff, 
	0xffff, 0xffff, 0xffff, 0xffff, 0xffff, 0xffff, 0xffff, 0xffff, 0xffff, 0xffff, 0xffff, 0xffff, 0xffff, 0xffff, 0xffff, 0xffff, 
	0xffff, 0xffff, 0xffff, 0xffff, 0xffff, 0xffff, 0xffff, 0xffff, 0xffff, 0xffff, 0xffff, 0xffff, 0xffff, 0xffff, 0xffff, 0xffff, 
	0xffff, 0xffff, 0xffff, 0xffff, 0xffff, 0xffff, 0xffff, 0xffff, 0xffff, 0xffff, 0xffff, 0xffff, 0xffff, 0xffff, 0xffff, 0xffff, 
	0xffff, 0xffff, 0xffff, 0xffff, 0xffff, 0xffff, 0xffff, 0xffff, 0xffff, 0xffff, 0xffff, 0xffff, 0xffff, 0xffff, 0xffff, 0xffff, 
	0xffff, 0xffff, 0xffff, 0xffff, 0xffff, 0xffff, 0xffff, 0xffff, 0xffff, 0xffff, 0xffff, 0xffff, 0xffff, 0xffff, 0xffff, 0xffff, 
	0xffff, 0xffff, 0xffff, 0xffff, 0xffff, 0xffff, 0xffff, 0xffff, 0xffff, 0xffff, 0xffff, 0xffff, 0xffff, 0xffff, 0xffff, 0xffff, 
	0xffff, 0xffff, 0xffff, 0xffff, 0xffff, 0xffff, 0xffff, 0xffff, 0xffff, 0xffff, 0xffff, 0xffff, 0xffff, 0xffff, 0xffff, 0xffff, 
	0xffff, 0xffff, 0xffff, 0xffff, 0xffff, 0xffff, 0xffff, 0xffff, 0xffff, 0xffff, 0xffff, 0xffff, 0xffff, 0xffff, 0xffff, 0xffff, 
	0xffff, 0xffff, 0xffff, 0xffff, 0xffff, 0xffff, 0xffff, 0xffff, 0xffff, 0xffff, 0xffff, 0xffff, 0xffff, 0xffff, 0xffff, 0xffff, 
	0xffff, 0xffff, 0xffff, 0xffff, 0xffff, 0xffff, 0xffff, 0xffff, 0xffff, 0xffff, 0xffff, 0xffff, 0xffff, 0xffff, 0xffff, 0xffff, 
	0xffff, 0xffff, 0xffff, 0xffff, 0xffff, 0xffff, 0xffff, 0xffff, 0xffff, 0xffff, 0xffff, 0xffff, 0xffff, 0xffff, 0xffff, 0xffff, 
	0xffff, 0xffff, 0xffff, 0xffff, 0xffff, 0xffff, 0xffff, 0xffff, 0xffff, 0xffff, 0xffff, 0xffff, 0xffff, 0xffff, 0xffff, 0xffff, 
	0xfffe, 0xef9b, 0xb653, 0xa5f1, 0xb672, 0xcf57, 0xeffb, 0xf7fd, 0xfffe, 0xfffd, 0xfffe, 0xffff, 0xffff, 0xffff, 0xffff, 0xffff, 
	0xffff, 0xffff, 0xffff, 0xffff, 0xffff, 0xffff, 0xffff, 0xffff, 0xffff, 0xffff, 0xffff, 0xffff, 0xffff, 0xffff, 0xffff, 0xffff, 
	0xffff, 0xffff, 0xffff, 0xffff, 0xffff, 0xffff, 0xffff, 0xffff, 0xffff, 0xffff, 0xffff, 0xffff, 0xffff, 0xffff, 0xffff, 0xffff, 
	0xffff, 0xffff, 0xffff, 0xffff, 0xffff, 0xffff, 0xffff, 0xffff, 0xffff, 0xffff, 0xffff, 0xffff, 0xffff, 0xffff, 0xffff, 0xffff, 
	0xffff, 0xffff, 0xffff, 0xffff, 0xffff, 0xffff, 0xffff, 0xffff, 0xffff, 0xffff, 0xffff, 0xffff, 0xffff, 0xffff, 0xffff, 0xffff, 
	0xffff, 0xffff, 0xffff, 0xffff, 0xffff, 0xffff, 0xffff, 0xffff, 0xffff, 0xffff, 0xffff, 0xffff, 0xffff, 0xffff, 0xffff, 0xffff, 
	0xffff, 0xffff, 0xffff, 0xffff, 0xffff, 0xffff, 0xffff, 0xffff, 0xffff, 0xffff, 0xffff, 0xffff, 0xffff, 0xffff, 0xffff, 0xffff, 
	0xffff, 0xffff, 0xffff, 0xffff, 0xffff, 0xffff, 0xffff, 0xffff, 0xffff, 0xffff, 0xffff, 0xffff, 0xffff, 0xffff, 0xffff, 0xffff, 
	0xffff, 0xffff, 0xffff, 0xffff, 0xffff, 0xffff, 0xffff, 0xffff, 0xffff, 0xffff, 0xffff, 0xffff, 0xffff, 0xffff, 0xffff, 0xffff, 
	0xffff, 0xffff, 0xffff, 0xffff, 0xffff, 0xffff, 0xffff, 0xffff, 0xffff, 0xffff, 0xffff, 0xffff, 0xffff, 0xffff, 0xffff, 0xffff, 
	0xffff, 0xffff, 0xffff, 0xffff, 0xffff, 0xffff, 0xffff, 0xffff, 0xffff, 0xffff, 0xffff, 0xffff, 0xffff, 0xffff, 0xffff, 0xffff, 
	0xffff, 0xffff, 0xffff, 0xffff, 0xffff, 0xffff, 0xffff, 0xffff, 0xffff, 0xffff, 0xffff, 0xffff, 0xffff, 0xffff, 0xffff, 0xffff, 
	0xffff, 0xffff, 0xffff, 0xffff, 0xffff, 0xffff, 0xffff, 0xffff, 0xffff, 0xffff, 0xffff, 0xffff, 0xffff, 0xffff, 0xffff, 0xffff, 
	0xffff, 0xffff, 0xffff, 0xffff, 0xffff, 0xffff, 0xffff, 0xffff, 0xffff, 0xffff, 0xffff, 0xffff, 0xffff, 0xffff, 0xffff, 0xffff, 
	0xffff, 0xffff, 0xffff, 0xffff, 0xffff, 0xffff, 0xffff, 0xffff, 0xffff, 0xffff, 0xffff, 0xffff, 0xffff, 0xffff, 0xffff, 0xffff, 
	0xfffe, 0xfffd, 0xe779, 0xc6b5, 0xb692, 0xa630, 0xbef3, 0xe7f8, 0xe7b9, 0xf7fc, 0xfffe, 0xfffe, 0xffff, 0xffff, 0xffff, 0xffff, 
	0xfffe, 0xffff, 0xffff, 0xffff, 0xffff, 0xffff, 0xffff, 0xffff, 0xffff, 0xffff, 0xffff, 0xffff, 0xffff, 0xffff, 0xffff, 0xffff, 
	0xffff, 0xffff, 0xffff, 0xffff, 0xffff, 0xffff, 0xffff, 0xffff, 0xffff, 0xffff, 0xffff, 0xffff, 0xffff, 0xffff, 0xffff, 0xffff, 
	0xffff, 0xffff, 0xffff, 0xffff, 0xffff, 0xffff, 0xffff, 0xffff, 0xffff, 0xffff, 0xffff, 0xffff, 0xffff, 0xffff, 0xffff, 0xffff, 
	0xffff, 0xffff, 0xffff, 0xffff, 0xffff, 0xffff, 0xffff, 0xffff, 0xffff, 0xffff, 0xffff, 0xffff, 0xffff, 0xffff, 0xffff, 0xffff, 
	0xffff, 0xffff, 0xffff, 0xffff, 0xffff, 0xffff, 0xffff, 0xffff, 0xffff, 0xffff, 0xffff, 0xffff, 0xffff, 0xffff, 0xffff, 0xffff, 
	0xffff, 0xffff, 0xffff, 0xffff, 0xffff, 0xffff, 0xffff, 0xffff, 0xffff, 0xffff, 0xffff, 0xffff, 0xffff, 0xffff, 0xffff, 0xffff, 
	0xffff, 0xffff, 0xffff, 0xffff, 0xffff, 0xffff, 0xffff, 0xffff, 0xffff, 0xffff, 0xffff, 0xffff, 0xffff, 0xffff, 0xffff, 0xffff, 
	0xffff, 0xffff, 0xffff, 0xffff, 0xffff, 0xffff, 0xffff, 0xffff, 0xffff, 0xffff, 0xffff, 0xffff, 0xffff, 0xffff, 0xffff, 0xffff, 
	0xffff, 0xffff, 0xffff, 0xffff, 0xffff, 0xffff, 0xffff, 0xffff, 0xffff, 0xffff, 0xffff, 0xffff, 0xffff, 0xffff, 0xffff, 0xffff, 
	0xffff, 0xffff, 0xffff, 0xffff, 0xffff, 0xffff, 0xffff, 0xffff, 0xffff, 0xffff, 0xffff, 0xffff, 0xffff, 0xffff, 0xffff, 0xffff, 
	0xffff, 0xffff, 0xffff, 0xffff, 0xffff, 0xffff, 0xffff, 0xffff, 0xffff, 0xffff, 0xffff, 0xffff, 0xffff, 0xffff, 0xffff, 0xffff, 
	0xffff, 0xffff, 0xffff, 0xffff, 0xffff, 0xffff, 0xffff, 0xffff, 0xffff, 0xffff, 0xffff, 0xffff, 0xffff, 0xffff, 0xffff, 0xffff, 
	0xffff, 0xffff, 0xffff, 0xffff, 0xffff, 0xffff, 0xffff, 0xffff, 0xffff, 0xffff, 0xffff, 0xffff, 0xffff, 0xffff, 0xffff, 0xffff, 
	0xffff, 0xffff, 0xffff, 0xffff, 0xffff, 0xffff, 0xffff, 0xffff, 0xffff, 0xffff, 0xffff, 0xffff, 0xffff, 0xffff, 0xffff, 0xffff, 
	0xffff, 0xfffe, 0xfffe, 0xf7fc, 0xeffa, 0xcf55, 0xa62f, 0xa66f, 0xb691, 0xcf36, 0xf7fc, 0xfffe, 0xffff, 0xffff, 0xffff, 0xfffe, 
	0xffff, 0xffff, 0xffff, 0xffff, 0xffff, 0xffff, 0xffff, 0xffff, 0xffff, 0xffff, 0xffff, 0xffff, 0xffff, 0xffff, 0xffff, 0xffff, 
	0xffff, 0xffff, 0xffff, 0xffff, 0xffff, 0xffff, 0xffff, 0xffff, 0xffff, 0xffff, 0xffff, 0xffff, 0xffff, 0xffff, 0xffff, 0xffff, 
	0xffff, 0xffff, 0xffff, 0xffff, 0xffff, 0xffff, 0xffff, 0xffff, 0xffff, 0xffff, 0xffff, 0xffff, 0xffff, 0xffff, 0xffff, 0xffff, 
	0xffff, 0xffff, 0xffff, 0xffff, 0xffff, 0xffff, 0xffff, 0xffff, 0xffff, 0xffff, 0xffff, 0xffff, 0xffff, 0xffff, 0xffff, 0xffff, 
	0xffff, 0xffff, 0xffff, 0xffff, 0xffff, 0xffff, 0xffff, 0xffff, 0xffff, 0xffff, 0xffff, 0xffff, 0xffff, 0xffff, 0xffff, 0xffff, 
	0xffff, 0xffff, 0xffff, 0xffff, 0xffff, 0xffff, 0xffff, 0xffff, 0xffff, 0xffff, 0xffff, 0xffff, 0xffff, 0xffff, 0xffff, 0xffff, 
	0xffff, 0xffff, 0xffff, 0xffff, 0xffff, 0xffff, 0xffff, 0xffff, 0xffff, 0xffff, 0xffff, 0xffff, 0xffff, 0xffff, 0xffff, 0xffff, 
	0xffff, 0xffff, 0xffff, 0xffff, 0xffff, 0xffff, 0xffff, 0xffff, 0xffff, 0xffff, 0xffff, 0xffff, 0xffff, 0xffff, 0xffff, 0xffff, 
	0xffff, 0xffff, 0xffff, 0xffff, 0xffff, 0xffff, 0xffff, 0xffff, 0xffff, 0xffff, 0xffff, 0xffff, 0xffff, 0xffff, 0xffff, 0xffff, 
	0xffff, 0xffff, 0xffff, 0xffff, 0xffff, 0xffff, 0xffff, 0xffff, 0xffff, 0xffff, 0xffff, 0xffff, 0xffff, 0xffff, 0xffff, 0xffff, 
	0xffff, 0xffff, 0xffff, 0xffff, 0xffff, 0xffff, 0xffff, 0xffff, 0xffff, 0xffff, 0xffff, 0xffff, 0xffff, 0xffff, 0xffff, 0xffff, 
	0xffff, 0xffff, 0xffff, 0xffff, 0xffff, 0xffff, 0xffff, 0xffff, 0xffff, 0xffff, 0xffff, 0xffff, 0xffff, 0xffff, 0xffff, 0xffff, 
	0xffff, 0xffff, 0xffff, 0xffff, 0xffff, 0xffff, 0xffff, 0xffff, 0xffff, 0xffff, 0xffff, 0xffff, 0xffff, 0xffff, 0xffff, 0xffff, 
	0xffff, 0xffff, 0xffff, 0xffff, 0xffff, 0xffff, 0xffff, 0xffff, 0xffff, 0xffff, 0xffff, 0xffff, 0xffff, 0xffff, 0xffff, 0xffff, 
	0xffff, 0xffff, 0xffff, 0xfffe, 0xfffd, 0xfffc, 0xcf55, 0xa68e, 0x9e4c, 0x9e2c, 0xcf34, 0xfffc, 0xffff, 0xffdf, 0xffff, 0xfffe, 
	0xffff, 0xffff, 0xffff, 0xffff, 0xffff, 0xffff, 0xffff, 0xffff, 0xffff, 0xffff, 0xffff, 0xffff, 0xffff, 0xffff, 0xffff, 0xffff, 
	0xffff, 0xffff, 0xffff, 0xffff, 0xffff, 0xffff, 0xffff, 0xffff, 0xffff, 0xffff, 0xffff, 0xffff, 0xffff, 0xffff, 0xffff, 0xffff, 
	0xffff, 0xffff, 0xffff, 0xffff, 0xffff, 0xffff, 0xffff, 0xffff, 0xffff, 0xffff, 0xffff, 0xffff, 0xffff, 0xffff, 0xffff, 0xffff, 
	0xffff, 0xffff, 0xffff, 0xffff, 0xffff, 0xffff, 0xffff, 0xffff, 0xffff, 0xffff, 0xffff, 0xffff, 0xffff, 0xffff, 0xffff, 0xffff, 
	0xffff, 0xffff, 0xffff, 0xffff, 0xffff, 0xffff, 0xffff, 0xffff, 0xffff, 0xffff, 0xffff, 0xffff, 0xffff, 0xffff, 0xffff, 0xffff, 
	0xffff, 0xffff, 0xffff, 0xffff, 0xffff, 0xffff, 0xffff, 0xffff, 0xffff, 0xffff, 0xffff, 0xffff, 0xffff, 0xffff, 0xffff, 0xffff, 
	0xffff, 0xffff, 0xffff, 0xffff, 0xffff, 0xffff, 0xffff, 0xffff, 0xffff, 0xffff, 0xffff, 0xffff, 0xffff, 0xffff, 0xffff, 0xffff, 
	0xffff, 0xffff, 0xffff, 0xffff, 0xffff, 0xffff, 0xffff, 0xffff, 0xffff, 0xffff, 0xffff, 0xffff, 0xffff, 0xffff, 0xffff, 0xffff, 
	0xffff, 0xffff, 0xffff, 0xffff, 0xffff, 0xffff, 0xffff, 0xffff, 0xffff, 0xffff, 0xffff, 0xffff, 0xffff, 0xffff, 0xffff, 0xffff, 
	0xffff, 0xffff, 0xffff, 0xffff, 0xffff, 0xffff, 0xffff, 0xffff, 0xffff, 0xffff, 0xffff, 0xffff, 0xffff, 0xffff, 0xffff, 0xffff, 
	0xffff, 0xffff, 0xffff, 0xffff, 0xffff, 0xffff, 0xffff, 0xffff, 0xffff, 0xffff, 0xffff, 0xffff, 0xffff, 0xffff, 0xffff, 0xffff, 
	0xffff, 0xffff, 0xffff, 0xffff, 0xffff, 0xffff, 0xffff, 0xffff, 0xffff, 0xffff, 0xffff, 0xffff, 0xffff, 0xffff, 0xffff, 0xffff, 
	0xffff, 0xffff, 0xffff, 0xffff, 0xffff, 0xffff, 0xffff, 0xffff, 0xffff, 0xffff, 0xffff, 0xffff, 0xffff, 0xffff, 0xffff, 0xffff, 
	0xffff, 0xffff, 0xffff, 0xffff, 0xffff, 0xffff, 0xffff, 0xffff, 0xffff, 0xffff, 0xffff, 0xffff, 0xffff, 0xffff, 0xffff, 0xffff, 
	0xffff, 0xffff, 0xffdf, 0xffdf, 0xffff, 0xf7fd, 0xeffb, 0xcf94, 0x9e6c, 0x9e4b, 0xb6f0, 0xdfb6, 0xf7fc, 0xfffe, 0xfffe, 0xfffe, 
	0xffff, 0xffff, 0xffff, 0xffff, 0xffff, 0xffff, 0xffff, 0xffff, 0xffff, 0xffff, 0xffff, 0xffff, 0xffff, 0xffff, 0xffff, 0xffff, 
	0xffff, 0xffff, 0xffff, 0xffff, 0xffff, 0xffff, 0xffff, 0xffff, 0xffff, 0xffff, 0xffff, 0xffff, 0xffff, 0xffff, 0xffff, 0xffff, 
	0xffff, 0xffff, 0xffff, 0xffff, 0xffff, 0xffff, 0xffff, 0xffff, 0xffff, 0xffff, 0xffff, 0xffff, 0xffff, 0xffff, 0xffff, 0xffff, 
	0xffff, 0xffff, 0xffff, 0xffff, 0xffff, 0xffff, 0xffff, 0xffff, 0xffff, 0xffff, 0xffff, 0xffff, 0xffff, 0xffff, 0xffff, 0xffff, 
	0xffff, 0xffff, 0xffff, 0xffff, 0xffff, 0xffff, 0xffff, 0xffff, 0xffff, 0xffff, 0xffff, 0xffff, 0xffff, 0xffff, 0xffff, 0xffff, 
	0xffff, 0xffff, 0xffff, 0xffff, 0xffff, 0xffff, 0xffff, 0xffff, 0xffff, 0xffff, 0xffff, 0xffff, 0xffff, 0xffff, 0xffff, 0xffff, 
	0xffff, 0xffff, 0xffff, 0xffff, 0xffff, 0xffff, 0xffff, 0xffff, 0xffff, 0xffff, 0xffff, 0xffff, 0xffff, 0xffff, 0xffff, 0xffff, 
	0xffff, 0xffff, 0xffff, 0xffff, 0xffff, 0xffff, 0xffff, 0xffff, 0xffff, 0xffff, 0xffff, 0xffff, 0xffff, 0xffff, 0xffff, 0xffff, 
	0xffff, 0xffff, 0xffff, 0xffff, 0xffff, 0xffff, 0xffff, 0xffff, 0xffff, 0xffff, 0xffff, 0xffff, 0xffff, 0xffff, 0xffff, 0xffff, 
	0xffff, 0xffff, 0xffff, 0xffff, 0xffff, 0xffff, 0xffff, 0xffff, 0xffff, 0xffff, 0xffff, 0xffff, 0xffff, 0xffff, 0xffff, 0xffff, 
	0xffff, 0xffff, 0xffff, 0xffff, 0xffff, 0xffff, 0xffff, 0xffff, 0xffff, 0xffff, 0xffff, 0xffff, 0xffff, 0xffff, 0xffff, 0xffff, 
	0xffff, 0xffff, 0xffff, 0xffff, 0xffff, 0xffff, 0xffff, 0xffff, 0xffff, 0xffff, 0xffff, 0xffff, 0xffff, 0xffff, 0xffff, 0xffff, 
	0xffff, 0xffff, 0xffff, 0xffff, 0xffff, 0xffff, 0xffff, 0xffff, 0xffff, 0xffff, 0xffff, 0xffff, 0xffff, 0xffff, 0xffff, 0xffff, 
	0xffff, 0xffff, 0xffff, 0xffff, 0xffff, 0xffff, 0xffff, 0xffff, 0xffff, 0xffff, 0xffff, 0xffff, 0xffff, 0xffff, 0xffff, 0xffff, 
	0xffff, 0xffff, 0xffff, 0xffdf, 0xffdf, 0xffff, 0xf7fd, 0xeffb, 0xae70, 0x962c, 0xa6ad, 0x9e6c, 0xb6b0, 0xe7f9, 0xf7fd, 0xfffe, 
	0xffff, 0xffff, 0xffdf, 0xffff, 0xffff, 0xffff, 0xffff, 0xffff, 0xffff, 0xffff, 0xffff, 0xffff, 0xffff, 0xffff, 0xffff, 0xffff, 
	0xffff, 0xffff, 0xffff, 0xffff, 0xffff, 0xffff, 0xffff, 0xffff, 0xffff, 0xffff, 0xffff, 0xffff, 0xffff, 0xffff, 0xffff, 0xffff, 
	0xffff, 0xffff, 0xffff, 0xffff, 0xffff, 0xffff, 0xffff, 0xffff, 0xffff, 0xffff, 0xffff, 0xffff, 0xffff, 0xffff, 0xffff, 0xffff, 
	0xffff, 0xffff, 0xffff, 0xffff, 0xffff, 0xffff, 0xffff, 0xffff, 0xffff, 0xffff, 0xffff, 0xffff, 0xffff, 0xffff, 0xffff, 0xffff, 
	0xffff, 0xffff, 0xffff, 0xffff, 0xffff, 0xffff, 0xffff, 0xffff, 0xffff, 0xffff, 0xffff, 0xffff, 0xffff, 0xffff, 0xffff, 0xffff, 
	0xffff, 0xffff, 0xffff, 0xffff, 0xffff, 0xffff, 0xffff, 0xffff, 0xffff, 0xffff, 0xffff, 0xffff, 0xffff, 0xffff, 0xffff, 0xffff, 
	0xffff, 0xffff, 0xffff, 0xffff, 0xffff, 0xffff, 0xffff, 0xffff, 0xffff, 0xffff, 0xffff, 0xffff, 0xffff, 0xffff, 0xffff, 0xffff, 
	0xffff, 0xffff, 0xffff, 0xffff, 0xffff, 0xffff, 0xffff, 0xffff, 0xffff, 0xffff, 0xffff, 0xffff, 0xffff, 0xffff, 0xffff, 0xffff, 
	0xffff, 0xffff, 0xffff, 0xffff, 0xffff, 0xffff, 0xffff, 0xffff, 0xffff, 0xffff, 0xffff, 0xffff, 0xffff, 0xffff, 0xffff, 0xffff, 
	0xffff, 0xffff, 0xffff, 0xffff, 0xffff, 0xffff, 0xffff, 0xffff, 0xffff, 0xffff, 0xffff, 0xffff, 0xffff, 0xffff, 0xffff, 0xffff, 
	0xffff, 0xffff, 0xffff, 0xffff, 0xffff, 0xffff, 0xffff, 0xffff, 0xffff, 0xffff, 0xffff, 0xffff, 0xffff, 0xffff, 0xffff, 0xffff, 
	0xffff, 0xffff, 0xffff, 0xffff, 0xffff, 0xffff, 0xffff, 0xffff, 0xffff, 0xffff, 0xffff, 0xffff, 0xffff, 0xffff, 0xffff, 0xffff, 
	0xffff, 0xffff, 0xffff, 0xffff, 0xffff, 0xffff, 0xffff, 0xffff, 0xffff, 0xffff, 0xffff, 0xffff, 0xffff, 0xffff, 0xffff, 0xffff, 
	0xffff, 0xffff, 0xffff, 0xffff, 0xffff, 0xffff, 0xffff, 0xffff, 0xffff, 0xffff, 0xffff, 0xffff, 0xffff, 0xffff, 0xffff, 0xffff, 
	0xffff, 0xffff, 0xffff, 0xffff, 0xffff, 0xffff, 0xffff, 0xf7fd, 0xe7fa, 0x856c, 0x85ca, 0x9eac, 0x966b, 0xa6af, 0xdfd8, 0xf7fd, 
	0xfffe, 0xf7fe, 0xffff, 0xffff, 0xffff, 0xffff, 0xffff, 0xffff, 0xffff, 0xffff, 0xffff, 0xffff, 0xffff, 0xffff, 0xffff, 0xffff, 
	0xffff, 0xffff, 0xffff, 0xffff, 0xffff, 0xffff, 0xffff, 0xffff, 0xffff, 0xffff, 0xffff, 0xffff, 0xffff, 0xffff, 0xffff, 0xffff, 
	0xffff, 0xffff, 0xffff, 0xffff, 0xffff, 0xffff, 0xffff, 0xffff, 0xffff, 0xffff, 0xffff, 0xffff, 0xffff, 0xffff, 0xffff, 0xffff, 
	0xffff, 0xffff, 0xffff, 0xffff, 0xffff, 0xffff, 0xffff, 0xffff, 0xffff, 0xffff, 0xffff, 0xffff, 0xffff, 0xffff, 0xffff, 0xffff, 
	0xffff, 0xffff, 0xffff, 0xffff, 0xffff, 0xffff, 0xffff, 0xffff, 0xffff, 0xffff, 0xffff, 0xffff, 0xffff, 0xffff, 0xffff, 0xffff, 
	0xffff, 0xffff, 0xffff, 0xffff, 0xffff, 0xffff, 0xffff, 0xffff, 0xffff, 0xffff, 0xffff, 0xffff, 0xffff, 0xffff, 0xffff, 0xffff, 
	0xffff, 0xffff, 0xffff, 0xffff, 0xffff, 0xffff, 0xffff, 0xffff, 0xffff, 0xffff, 0xffff, 0xffff, 0xffff, 0xffff, 0xffff, 0xffff, 
	0xffff, 0xffff, 0xffff, 0xffff, 0xffff, 0xffff, 0xffff, 0xffff, 0xffff, 0xffff, 0xffff, 0xffff, 0xffff, 0xffff, 0xffff, 0xffff, 
	0xffff, 0xffff, 0xffff, 0xffff, 0xffff, 0xffff, 0xffff, 0xffff, 0xffff, 0xffff, 0xffff, 0xffff, 0xffff, 0xffff, 0xffff, 0xffff, 
	0xffff, 0xffff, 0xffff, 0xffff, 0xffff, 0xffff, 0xffff, 0xffff, 0xffff, 0xffff, 0xffff, 0xffff, 0xffff, 0xffff, 0xffff, 0xffff, 
	0xffff, 0xffff, 0xffff, 0xffff, 0xffff, 0xffff, 0xffff, 0xffff, 0xffff, 0xffff, 0xffff, 0xffff, 0xffff, 0xffff, 0xffff, 0xffff, 
	0xffff, 0xffff, 0xffff, 0xffff, 0xffff, 0xffff, 0xffff, 0xffff, 0xffff, 0xffff, 0xffff, 0xffff, 0xffff, 0xffff, 0xffff, 0xffff, 
	0xffff, 0xffff, 0xffff, 0xffff, 0xffff, 0xffff, 0xffff, 0xffff, 0xffff, 0xffff, 0xffff, 0xffff, 0xffff, 0xffff, 0xffff, 0xffff, 
	0xffff, 0xffff, 0xffff, 0xffff, 0xffff, 0xffff, 0xffff, 0xffff, 0xffff, 0xffff, 0xffff, 0xffff, 0xffff, 0xffff, 0xffff, 0xffff, 
	0xffff, 0xffff, 0xffff, 0xffff, 0xffff, 0xffff, 0xffff, 0xfffe, 0xf7fd, 0xd778, 0x7d4b, 0x6d68, 0x96ab, 0x8e6a, 0x9eae, 0xb6d2, 
	0xe7fa, 0xf7fd, 0xf7fe, 0xffff, 0xffff, 0xffff, 0xffff, 0xfffe, 0xffff, 0xffff, 0xffff, 0xffff, 0xffff, 0xffff, 0xffff, 0xffff, 
	0xffff, 0xffff, 0xffff, 0xffff, 0xffff, 0xffff, 0xffff, 0xffff, 0xffff, 0xffff, 0xffff, 0xffff, 0xffff, 0xffff, 0xffff, 0xffff, 
	0xffff, 0xffff, 0xffff, 0xffff, 0xffff, 0xffff, 0xffff, 0xffff, 0xffff, 0xffff, 0xffff, 0xffff, 0xffff, 0xffff, 0xffff, 0xffff, 
	0xffff, 0xffff, 0xffff, 0xffff, 0xffff, 0xffff, 0xffff, 0xffff, 0xffff, 0xffff, 0xffff, 0xffff, 0xffff, 0xffff, 0xffff, 0xffff, 
	0xffff, 0xffff, 0xffff, 0xffff, 0xffff, 0xffff, 0xffff, 0xffff, 0xffff, 0xffff, 0xffff, 0xffff, 0xffff, 0xffff, 0xffff, 0xffff, 
	0xffff, 0xffff, 0xffff, 0xffff, 0xffff, 0xffff, 0xffff, 0xffff, 0xffff, 0xffff, 0xffff, 0xffff, 0xffff, 0xffff, 0xffff, 0xffff, 
	0xffff, 0xffff, 0xffff, 0xffff, 0xffff, 0xffff, 0xffff, 0xffff, 0xffff, 0xffff, 0xffff, 0xffff, 0xffff, 0xffff, 0xffff, 0xffff, 
	0xffff, 0xffff, 0xffff, 0xffff, 0xffff, 0xffff, 0xffff, 0xffff, 0xffff, 0xffff, 0xffff, 0xffff, 0xffff, 0xffff, 0xffff, 0xffff, 
	0xffff, 0xffff, 0xffff, 0xffff, 0xffff, 0xffff, 0xffff, 0xffff, 0xffff, 0xffff, 0xffff, 0xffff, 0xffff, 0xffff, 0xffff, 0xffff, 
	0xffff, 0xffff, 0xffff, 0xffff, 0xffff, 0xffff, 0xffff, 0xffff, 0xffff, 0xffff, 0xffff, 0xffff, 0xffff, 0xffff, 0xffff, 0xffff, 
	0xffff, 0xffff, 0xffff, 0xffff, 0xffff, 0xffff, 0xffff, 0xffff, 0xffff, 0xffff, 0xffff, 0xffff, 0xffff, 0xffff, 0xffff, 0xffff, 
	0xffff, 0xffff, 0xffff, 0xffff, 0xffff, 0xffff, 0xffff, 0xffff, 0xffff, 0xffff, 0xffff, 0xffff, 0xffff, 0xffff, 0xffff, 0xffff, 
	0xffff, 0xffff, 0xffff, 0xffff, 0xffff, 0xffff, 0xffff, 0xffff, 0xffff, 0xffff, 0xffff, 0xffff, 0xffff, 0xffff, 0xffff, 0xffff, 
	0xffff, 0xffff, 0xffff, 0xffff, 0xffff, 0xffff, 0xffff, 0xffff, 0xffff, 0xffff, 0xffff, 0xffff, 0xffff, 0xffff, 0xffff, 0xffff, 
	0xffff, 0xffff, 0xffff, 0xffff, 0xffff, 0xffff, 0xffff, 0xffff, 0xfffe, 0xf7fd, 0xbf14, 0x5c86, 0x7e09, 0x96aa, 0x96ab, 0x8e2c, 
	0xaeb1, 0xeffa, 0xf7fd, 0xffff, 0xffff, 0xffdf, 0xffff, 0xffff, 0xffff, 0xffff, 0xffff, 0xffff, 0xffff, 0xffff, 0xffff, 0xffff, 
	0xffff, 0xffff, 0xffff, 0xffff, 0xffff, 0xffff, 0xffff, 0xffff, 0xffff, 0xffff, 0xffff, 0xffff, 0xffff, 0xffff, 0xffff, 0xffff, 
	0xffff, 0xffff, 0xffff, 0xffff, 0xffff, 0xffff, 0xffff, 0xffff, 0xffff, 0xffff, 0xffff, 0xffff, 0xffff, 0xffff, 0xffff, 0xffff, 
	0xffff, 0xffff, 0xffff, 0xffff, 0xffff, 0xffff, 0xffff, 0xffff, 0xffff, 0xffff, 0xffff, 0xffff, 0xffff, 0xffff, 0xffff, 0xffff, 
	0xffff, 0xffff, 0xffff, 0xffff, 0xffff, 0xffff, 0xffff, 0xffff, 0xffff, 0xffff, 0xffff, 0xffff, 0xffff, 0xffff, 0xffff, 0xffff, 
	0xffff, 0xffff, 0xffff, 0xffff, 0xffff, 0xffff, 0xffff, 0xffff, 0xffff, 0xffff, 0xffff, 0xffff, 0xffff, 0xffff, 0xffff, 0xffff, 
	0xffff, 0xffff, 0xffff, 0xffff, 0xffff, 0xffff, 0xffff, 0xffff, 0xffff, 0xffff, 0xffff, 0xffff, 0xffff, 0xffff, 0xffff, 0xffff, 
	0xffff, 0xffff, 0xffff, 0xffff, 0xffff, 0xffff, 0xffff, 0xffff, 0xffff, 0xffff, 0xffff, 0xffff, 0xffff, 0xffff, 0xffff, 0xffff, 
	0xffff, 0xffff, 0xffff, 0xffff, 0xffff, 0xffff, 0xffff, 0xffff, 0xffff, 0xffff, 0xffff, 0xffff, 0xffff, 0xffff, 0xffff, 0xffff, 
	0xffff, 0xffff, 0xffff, 0xffff, 0xffff, 0xffff, 0xffff, 0xffff, 0xffff, 0xffff, 0xffff, 0xffff, 0xffff, 0xffff, 0xffff, 0xffff, 
	0xffff, 0xffff, 0xffff, 0xffff, 0xffff, 0xffff, 0xffff, 0xffff, 0xffff, 0xffff, 0xffff, 0xffff, 0xffff, 0xffff, 0xffff, 0xffff, 
	0xffff, 0xffff, 0xffff, 0xffff, 0xffff, 0xffff, 0xffff, 0xffff, 0xffff, 0xffff, 0xffff, 0xffff, 0xffff, 0xffff, 0xffff, 0xffff, 
	0xffff, 0xffff, 0xffff, 0xffff, 0xffff, 0xffff, 0xffff, 0xffff, 0xffff, 0xffff, 0xffff, 0xffff, 0xffff, 0xffff, 0xffff, 0xffff, 
	0xffff, 0xffff, 0xffff, 0xffff, 0xffff, 0xffff, 0xffff, 0xffff, 0xffff, 0xffff, 0xffff, 0xffff, 0xffff, 0xffff, 0xffff, 0xffff, 
	0xffff, 0xffff, 0xffff, 0xffff, 0xffff, 0xffff, 0xffff, 0xffff, 0xffff, 0xfffe, 0xe7fb, 0x74cb, 0x5465, 0x6d46, 0x8e8a, 0x96ab, 
	0x964c, 0xb6d2, 0xeffa, 0xeffc, 0xffff, 0xffff, 0xffff, 0xffdf, 0xffff, 0xffff, 0xffff, 0xffff, 0xffff, 0xffff, 0xffff, 0xffff, 
	0xffff, 0xffff, 0xffff, 0xffff, 0xffff, 0xffff, 0xffff, 0xffff, 0xffff, 0xffff, 0xffff, 0xffff, 0xffff, 0xffff, 0xffff, 0xffff, 
	0xffff, 0xffff, 0xffff, 0xffff, 0xffff, 0xffff, 0xffff, 0xffff, 0xffff, 0xffff, 0xffff, 0xffff, 0xffff, 0xffff, 0xffff, 0xffff, 
	0xffff, 0xffff, 0xffff, 0xffff, 0xffff, 0xffff, 0xffff, 0xffff, 0xffff, 0xffff, 0xffff, 0xffff, 0xffff, 0xffff, 0xffff, 0xffff, 
	0xffff, 0xffff, 0xffff, 0xffff, 0xffff, 0xffff, 0xffff, 0xffff, 0xffff, 0xffff, 0xffff, 0xffff, 0xffff, 0xffff, 0xffff, 0xffff, 
	0xffff, 0xffff, 0xffff, 0xffff, 0xffff, 0xffff, 0xffff, 0xffff, 0xffff, 0xffff, 0xffff, 0xffff, 0xffff, 0xffff, 0xffff, 0xffff, 
	0xffff, 0xffff, 0xffff, 0xffff, 0xffff, 0xffff, 0xffff, 0xffff, 0xffff, 0xffff, 0xffff, 0xffff, 0xffff, 0xffff, 0xffff, 0xffff, 
	0xffff, 0xffff, 0xffff, 0xffff, 0xffff, 0xffff, 0xffff, 0xffff, 0xffff, 0xffff, 0xffff, 0xffff, 0xffff, 0xffff, 0xffff, 0xffff, 
	0xffff, 0xffff, 0xffff, 0xffff, 0xffff, 0xffff, 0xffff, 0xffff, 0xffff, 0xffff, 0xffff, 0xffff, 0xffff, 0xffff, 0xffff, 0xffff, 
	0xffff, 0xffff, 0xffff, 0xffff, 0xffff, 0xffff, 0xffff, 0xffff, 0xffff, 0xffff, 0xffff, 0xffff, 0xffff, 0xffff, 0xffff, 0xffff, 
	0xffff, 0xffff, 0xffff, 0xffff, 0xffff, 0xffff, 0xffff, 0xffff, 0xffff, 0xffff, 0xffff, 0xffff, 0xffff, 0xffff, 0xffff, 0xffff, 
	0xffff, 0xffff, 0xffff, 0xffff, 0xffff, 0xffff, 0xffff, 0xffff, 0xffff, 0xffff, 0xffff, 0xffff, 0xffff, 0xffff, 0xffff, 0xffff, 
	0xffff, 0xffff, 0xffff, 0xffff, 0xffff, 0xffff, 0xffff, 0xffff, 0xffff, 0xffff, 0xffff, 0xffff, 0xffff, 0xffff, 0xffff, 0xffff, 
	0xffff, 0xffff, 0xffff, 0xffff, 0xffff, 0xffff, 0xffff, 0xffff, 0xffff, 0xffff, 0xffff, 0xffff, 0xffff, 0xffff, 0xffff, 0xffff, 
	0xffff, 0xffff, 0xffff, 0xffff, 0xffff, 0xffff, 0xffff, 0xffff, 0xffff, 0xf7de, 0xf7fe, 0xbeb5, 0x6448, 0x5445, 0x7de8, 0x9eec, 
	0x968b, 0x9e4c, 0xdff7, 0xf7fc, 0xfffe, 0xfffe, 0xffdf, 0xffff, 0xffff, 0xffff, 0xffff, 0xffff, 0xffff, 0xffff, 0xffff, 0xffff, 
	0xffff, 0xffff, 0xffff, 0xffff, 0xffff, 0xffff, 0xffff, 0xffff, 0xffff, 0xffff, 0xffff, 0xffff, 0xffff, 0xffff, 0xffff, 0xffff, 
	0xffff, 0xffff, 0xffff, 0xffff, 0xffff, 0xffff, 0xffff, 0xffff, 0xffff, 0xffff, 0xffff, 0xffff, 0xffff, 0xffff, 0xffff, 0xffff, 
	0xffff, 0xffff, 0xffff, 0xffff, 0xffff, 0xffff, 0xffff, 0xffff, 0xffff, 0xffff, 0xffff, 0xffff, 0xffff, 0xffff, 0xffff, 0xffff, 
	0xffff, 0xffff, 0xffff, 0xffff, 0xffff, 0xffff, 0xffff, 0xffff, 0xffff, 0xffff, 0xffff, 0xffff, 0xffff, 0xffff, 0xffff, 0xffff, 
	0xffff, 0xffff, 0xffff, 0xffff, 0xffff, 0xffff, 0xffff, 0xffff, 0xffff, 0xffff, 0xffff, 0xffff, 0xffff, 0xffff, 0xffff, 0xffff, 
	0xffff, 0xffff, 0xffff, 0xffff, 0xffff, 0xffff, 0xffff, 0xffff, 0xffff, 0xffff, 0xffff, 0xffff, 0xffff, 0xffff, 0xffff, 0xffff, 
	0xffff, 0xffff, 0xffff, 0xffff, 0xffff, 0xffff, 0xffff, 0xffff, 0xffff, 0xffff, 0xffff, 0xffff, 0xffff, 0xffff, 0xffff, 0xffff, 
	0xffff, 0xffff, 0xffff, 0xffff, 0xffff, 0xffff, 0xffff, 0xffff, 0xffff, 0xffff, 0xffff, 0xffff, 0xffff, 0xffff, 0xffff, 0xffff, 
	0xffff, 0xffff, 0xffff, 0xffff, 0xffff, 0xffff, 0xffff, 0xffff, 0xffff, 0xffff, 0xffff, 0xffff, 0xffff, 0xffff, 0xffff, 0xffff, 
	0xffff, 0xffff, 0xffff, 0xffff, 0xffff, 0xffff, 0xffff, 0xffff, 0xffff, 0xffff, 0xffff, 0xffff, 0xffff, 0xffff, 0xffff, 0xffff, 
	0xffff, 0xffff, 0xffff, 0xffff, 0xffff, 0xffff, 0xffff, 0xffff, 0xffff, 0xffff, 0xffff, 0xffff, 0xffff, 0xffff, 0xffff, 0xffff, 
	0xffff, 0xffff, 0xffff, 0xffff, 0xffff, 0xffff, 0xffff, 0xffff, 0xffff, 0xffff, 0xffff, 0xffff, 0xffff, 0xffff, 0xffff, 0xffff, 
	0xffff, 0xffff, 0xffff, 0xffff, 0xffff, 0xffff, 0xffff, 0xffff, 0xffff, 0xffff, 0xffff, 0xffff, 0xffff, 0xffff, 0xffff, 0xffff, 
	0xffff, 0xffff, 0xffff, 0xffff, 0xffff, 0xffff, 0xffff, 0xffff, 0xffff, 0xffff, 0xffff, 0xf7fd, 0xb694, 0x6469, 0x64c6, 0x7587, 
	0x9689, 0x9e8b, 0xb6d0, 0xe7f8, 0xfffd, 0xffff, 0xffdf, 0xffdf, 0xffff, 0xffff, 0xffff, 0xffff, 0xffff, 0xffff, 0xffff, 0xffff, 
	0xffff, 0xffff, 0xffff, 0xffff, 0xffff, 0xffff, 0xffff, 0xffff, 0xffff, 0xffff, 0xffff, 0xffff, 0xffff, 0xffff, 0xffff, 0xffff, 
	0xffff, 0xffff, 0xffff, 0xffff, 0xffff, 0xffff, 0xffff, 0xffff, 0xffff, 0xffff, 0xffff, 0xffff, 0xffff, 0xffff, 0xffff, 0xffff, 
	0xffff, 0xffff, 0xffff, 0xffff, 0xffff, 0xffff, 0xffff, 0xffff, 0xffff, 0xffff, 0xffff, 0xffff, 0xffff, 0xffff, 0xffff, 0xffff, 
	0xffff, 0xffff, 0xffff, 0xffff, 0xffff, 0xffff, 0xffff, 0xffff, 0xffff, 0xffff, 0xffff, 0xffff, 0xffff, 0xffff, 0xffff, 0xffff, 
	0xffff, 0xffff, 0xffff, 0xffff, 0xffff, 0xffff, 0xffff, 0xffff, 0xffff, 0xffff, 0xffff, 0xffff, 0xffff, 0xffff, 0xffff, 0xffff, 
	0xffff, 0xffff, 0xffff, 0xffff, 0xffff, 0xffff, 0xffff, 0xffff, 0xffff, 0xffff, 0xffff, 0xffff, 0xffff, 0xffff, 0xffff, 0xffff, 
	0xffff, 0xffff, 0xffff, 0xffff, 0xffff, 0xffff, 0xffff, 0xffff, 0xffff, 0xffff, 0xffff, 0xffff, 0xffff, 0xffff, 0xffff, 0xffff, 
	0xffff, 0xffff, 0xffff, 0xffff, 0xffff, 0xffff, 0xffff, 0xffff, 0xffff, 0xffff, 0xffff, 0xffff, 0xffff, 0xffff, 0xffff, 0xffff, 
	0xffff, 0xffff, 0xffff, 0xffff, 0xffff, 0xffff, 0xffff, 0xffff, 0xffff, 0xffff, 0xffff, 0xffff, 0xffff, 0xffff, 0xffff, 0xffff, 
	0xffff, 0xffff, 0xffff, 0xffff, 0xffff, 0xffff, 0xffff, 0xffff, 0xffff, 0xffff, 0xffff, 0xffff, 0xffff, 0xffff, 0xffff, 0xffff, 
	0xffff, 0xffff, 0xffff, 0xffff, 0xffff, 0xffff, 0xffff, 0xffff, 0xffff, 0xffff, 0xffff, 0xffff, 0xffff, 0xffff, 0xffff, 0xffff, 
	0xffff, 0xffff, 0xffff, 0xffff, 0xffff, 0xffff, 0xffff, 0xffff, 0xffff, 0xffff, 0xffff, 0xffff, 0xffff, 0xffff, 0xffff, 0xffff, 
	0xffff, 0xffff, 0xffff, 0xffff, 0xffff, 0xffff, 0xffff, 0xffff, 0xffff, 0xffff, 0xffff, 0xffff, 0xffff, 0xffff, 0xffff, 0xffff, 
	0xffff, 0xffff, 0xffff, 0xffff, 0xffff, 0xffff, 0xffff, 0xffff, 0xffff, 0xffff, 0xffff, 0xffff, 0xf7fd, 0xcf37, 0x6468, 0x5424, 
	0x7d86, 0x9e8a, 0x962b, 0xbf12, 0xf7fb, 0xfffe, 0xffff, 0xffff, 0xffff, 0xffff, 0xffff, 0xffff, 0xffff, 0xffff, 0xffff, 0xffff, 
	0xffff, 0xffff, 0xffff, 0xffff, 0xffff, 0xffff, 0xffff, 0xffff, 0xffff, 0xffff, 0xffff, 0xffff, 0xffff, 0xffff, 0xffff, 0xffff, 
	0xffff, 0xffff, 0xffff, 0xffff, 0xffff, 0xffff, 0xffff, 0xffff, 0xffff, 0xffff, 0xffff, 0xffff, 0xffff, 0xffff, 0xffff, 0xffff, 
	0xffff, 0xffff, 0xffff, 0xffff, 0xffff, 0xffff, 0xffff, 0xffff, 0xffff, 0xffff, 0xffff, 0xffff, 0xffff, 0xffff, 0xffff, 0xffff, 
	0xffff, 0xffff, 0xffff, 0xffff, 0xffff, 0xffff, 0xffff, 0xffff, 0xffff, 0xffff, 0xffff, 0xffff, 0xffff, 0xffff, 0xffff, 0xffff, 
	0xffff, 0xffff, 0xffff, 0xffff, 0xffff, 0xffff, 0xffff, 0xffff, 0xffff, 0xffff, 0xffff, 0xffff, 0xffff, 0xffff, 0xffff, 0xffff, 
	0xffff, 0xffff, 0xffff, 0xffff, 0xffff, 0xffff, 0xffff, 0xffff, 0xffff, 0xffff, 0xffff, 0xffff, 0xffff, 0xffff, 0xffff, 0xffff, 
	0xffff, 0xffff, 0xffff, 0xffff, 0xffff, 0xffff, 0xffff, 0xffff, 0xffff, 0xffff, 0xffff, 0xffff, 0xffff, 0xffff, 0xffff, 0xffff, 
	0xffff, 0xffff, 0xffff, 0xffff, 0xffff, 0xffff, 0xffff, 0xffff, 0xffff, 0xffff, 0xffff, 0xffff, 0xffff, 0xffff, 0xffff, 0xffff, 
	0xffff, 0xffff, 0xffff, 0xffff, 0xffff, 0xffff, 0xffff, 0xffff, 0xffff, 0xffff, 0xffff, 0xffff, 0xffff, 0xffff, 0xffff, 0xffff, 
	0xffff, 0xffff, 0xffff, 0xffff, 0xffff, 0xffff, 0xffff, 0xffff, 0xffff, 0xffff, 0xffff, 0xffff, 0xffff, 0xffff, 0xffff, 0xffff, 
	0xffff, 0xffff, 0xffff, 0xffff, 0xffff, 0xffff, 0xffff, 0xffff, 0xffff, 0xffff, 0xffff, 0xffff, 0xffff, 0xffff, 0xffff, 0xffff, 
	0xffff, 0xffff, 0xffff, 0xffff, 0xffff, 0xffff, 0xffff, 0xffff, 0xffff, 0xffff, 0xffff, 0xffff, 0xffff, 0xffff, 0xffff, 0xffff, 
	0xffff, 0xffff, 0xffff, 0xffff, 0xfffe, 0xffff, 0xffff, 0xffff, 0xffff, 0xffff, 0xffff, 0xffff, 0xffff, 0xffff, 0xffff, 0xffff, 
	0xffff, 0xffff, 0xffff, 0xffff, 0xffff, 0xffff, 0xffff, 0xfffe, 0xfffe, 0xffff, 0xffff, 0xffff, 0xffff, 0xf7fd, 0xbe75, 0x6c28, 
	0x6ce6, 0x9e8b, 0x8e8b, 0x8e4d, 0xd7d8, 0xf7fd, 0xfffe, 0xffff, 0xffff, 0xffff, 0xffff, 0xffff, 0xffff, 0xffff, 0xffff, 0xffff, 
	0xffde, 0xffff, 0xffff, 0xffff, 0xf7ff, 0xffff, 0xffff, 0xffff, 0xffff, 0xffff, 0xffff, 0xffff, 0xffff, 0xffff, 0xffff, 0xffff, 
	0xffdf, 0xffff, 0xffff, 0xffff, 0xffff, 0xffff, 0xffff, 0xffff, 0xffff, 0xffff, 0xffff, 0xffff, 0xffff, 0xffff, 0xffff, 0xffff, 
	0xffff, 0xffff, 0xffff, 0xffff, 0xffff, 0xffff, 0xffff, 0xffff, 0xffff, 0xffff, 0xffff, 0xffff, 0xffff, 0xffff, 0xffff, 0xffff, 
	0xffff, 0xffff, 0xffff, 0xffff, 0xffff, 0xffff, 0xffff, 0xffff, 0xffff, 0xffff, 0xffff, 0xffff, 0xffff, 0xffff, 0xffff, 0xffff, 
	0xffff, 0xffff, 0xffff, 0xffff, 0xffff, 0xffff, 0xffff, 0xffff, 0xffff, 0xffff, 0xffff, 0xffff, 0xffff, 0xffff, 0xffff, 0xffff, 
	0xffff, 0xffff, 0xffff, 0xffff, 0xffff, 0xffff, 0xffff, 0xffff, 0xffff, 0xffff, 0xffff, 0xffff, 0xffff, 0xffff, 0xffff, 0xffff, 
	0xffff, 0xffff, 0xffff, 0xffff, 0xffff, 0xffff, 0xffff, 0xffff, 0xffff, 0xffff, 0xffff, 0xffff, 0xffff, 0xffff, 0xffff, 0xffff, 
	0xffff, 0xffff, 0xffff, 0xffff, 0xffff, 0xffff, 0xffff, 0xffff, 0xffff, 0xffff, 0xffff, 0xffff, 0xffff, 0xffff, 0xffff, 0xffff, 
	0xffff, 0xffff, 0xffff, 0xffff, 0xffff, 0xffff, 0xffff, 0xffff, 0xffff, 0xffff, 0xffff, 0xffff, 0xffff, 0xffff, 0xffff, 0xffff, 
	0xffff, 0xffff, 0xffff, 0xffff, 0xffff, 0xffff, 0xffff, 0xffff, 0xffff, 0xffff, 0xffff, 0xffff, 0xffff, 0xffff, 0xffff, 0xffff, 
	0xffff, 0xffff, 0xffff, 0xffff, 0xffff, 0xffff, 0xffff, 0xffff, 0xffff, 0xffff, 0xffff, 0xffff, 0xffff, 0xffff, 0xffff, 0xffff, 
	0xffff, 0xffff, 0xffff, 0xffff, 0xffff, 0xffff, 0xffff, 0xffff, 0xffff, 0xffff, 0xffff, 0xffff, 0xfffe, 0xfffe, 0xffff, 0xffff, 
	0xffff, 0xffbf, 0xffff, 0xffff, 0xfffe, 0xffff, 0xffff, 0xffff, 0xffff, 0xffff, 0xffff, 0xffff, 0xffff, 0xffff, 0xffff, 0xffff, 
	0xffff, 0xffff, 0xffff, 0xffff, 0xffff, 0xffff, 0xffff, 0xfffe, 0xffff, 0xffff, 0xffff, 0xffff, 0xffff, 0xffff, 0xf7fd, 0xdf58, 
	0x958d, 0x8589, 0x8e8b, 0x8e6c, 0xaed1, 0xeffb, 0xfffd, 0xffde, 0xffff, 0xffff, 0xffff, 0xffff, 0xffff, 0xffff, 0xffff, 0xffff, 
	0xefbc, 0xfffe, 0xffff, 0xffff, 0xf7ff, 0xffff, 0xffff, 0xffff, 0xffff, 0xffff, 0xffff, 0xffff, 0xffff, 0xffff, 0xffff, 0xffff, 
	0xffff, 0xffff, 0xffdf, 0xffdf, 0xffff, 0xffff, 0xffff, 0xffdf, 0xffff, 0xffff, 0xffff, 0xffff, 0xffff, 0xffff, 0xffff, 0xffff, 
	0xffff, 0xffff, 0xffff, 0xffff, 0xffff, 0xffff, 0xffff, 0xffff, 0xffff, 0xffff, 0xffff, 0xffff, 0xffff, 0xffff, 0xffff, 0xffff, 
	0xffff, 0xffff, 0xffff, 0xffff, 0xffff, 0xffff, 0xffff, 0xffff, 0xffff, 0xffff, 0xffff, 0xffff, 0xffff, 0xffff, 0xffff, 0xffff, 
	0xffff, 0xffff, 0xffff, 0xffff, 0xffff, 0xffff, 0xffff, 0xffff, 0xffff, 0xffff, 0xffff, 0xffff, 0xffff, 0xffff, 0xffff, 0xffff, 
	0xffff, 0xffff, 0xffff, 0xffff, 0xffff, 0xffff, 0xffff, 0xffff, 0xffff, 0xffff, 0xffff, 0xffff, 0xffff, 0xffff, 0xffff, 0xffff, 
	0xffff, 0xffff, 0xffff, 0xffff, 0xffff, 0xffff, 0xffff, 0xffff, 0xffff, 0xffff, 0xffff, 0xffff, 0xffff, 0xffff, 0xffff, 0xffff, 
	0xffff, 0xffff, 0xffff, 0xffff, 0xffff, 0xffff, 0xffff, 0xffff, 0xffff, 0xffff, 0xffff, 0xffff, 0xffff, 0xffff, 0xffff, 0xffff, 
	0xffff, 0xffff, 0xffff, 0xffff, 0xffff, 0xffff, 0xffff, 0xffff, 0xffff, 0xffff, 0xffff, 0xffff, 0xffff, 0xffff, 0xffff, 0xffff, 
	0xffff, 0xffff, 0xffff, 0xffff, 0xffff, 0xffff, 0xffff, 0xffff, 0xffff, 0xffff, 0xffff, 0xffff, 0xffff, 0xffff, 0xffff, 0xffff, 
	0xffff, 0xffff, 0xffff, 0xffff, 0xffff, 0xffff, 0xffff, 0xffff, 0xffff, 0xffff, 0xffff, 0xffff, 0xffff, 0xffff, 0xffff, 0xffff, 
	0xffff, 0xffff, 0xffff, 0xffff, 0xffff, 0xffff, 0xffff, 0xffff, 0xffff, 0xffff, 0xffff, 0xffff, 0xfffe, 0xffff, 0xffff, 0xffff, 
	0xffff, 0xffff, 0xffbf, 0xffdf, 0xffff, 0xffff, 0xf7ff, 0xffff, 0xffff, 0xffff, 0xffff, 0xffff, 0xffff, 0xffff, 0xffff, 0xffff, 
	0xffff, 0xffff, 0xffff, 0xffff, 0xffff, 0xffff, 0xffff, 0xffff, 0xffff, 0xffff, 0xffff, 0xffff, 0xffff, 0xffff, 0xfffe, 0xfffd, 
	0xe7b9, 0x8dad, 0x7d89, 0x968b, 0x9e4c, 0xcf74, 0xeffb, 0xfffe, 0xffff, 0xffff, 0xffff, 0xffff, 0xffff, 0xffff, 0xffff, 0xffff, 
	0xdf5a, 0xfffe, 0xfffe, 0xffff, 0xffff, 0xffff, 0xffff, 0xffff, 0xffff, 0xffff, 0xffff, 0xffff, 0xffff, 0xffff, 0xffff, 0xffff, 
	0xffff, 0xffdf, 0xffff, 0xffdf, 0xffff, 0xffff, 0xffdf, 0xffff, 0xffff, 0xffff, 0xffff, 0xffff, 0xffff, 0xffff, 0xffff, 0xffff, 
	0xffff, 0xffff, 0xffff, 0xffff, 0xffff, 0xffff, 0xffff, 0xffff, 0xffff, 0xffff, 0xffff, 0xffff, 0xffff, 0xffff, 0xffff, 0xffff, 
	0xffff, 0xffff, 0xffff, 0xffff, 0xffff, 0xffff, 0xffff, 0xffff, 0xffff, 0xffff, 0xffff, 0xffff, 0xffff, 0xffff, 0xffff, 0xffff, 
	0xffff, 0xffff, 0xffff, 0xffff, 0xffff, 0xffff, 0xffff, 0xffff, 0xffff, 0xffff, 0xffff, 0xffff, 0xffff, 0xffff, 0xffff, 0xffff, 
	0xffff, 0xffff, 0xffff, 0xffff, 0xffff, 0xffff, 0xffff, 0xffff, 0xffff, 0xffff, 0xffff, 0xffff, 0xffff, 0xffff, 0xffff, 0xffff, 
	0xffff, 0xffff, 0xffff, 0xffff, 0xffff, 0xffff, 0xffff, 0xffff, 0xffff, 0xffff, 0xffff, 0xffff, 0xffff, 0xffff, 0xffff, 0xffff, 
	0xffff, 0xffff, 0xffff, 0xffff, 0xffff, 0xffff, 0xffff, 0xffff, 0xffff, 0xffff, 0xffff, 0xffff, 0xffff, 0xffff, 0xffff, 0xffff, 
	0xffff, 0xffff, 0xffff, 0xffff, 0xffff, 0xffff, 0xffff, 0xffff, 0xffff, 0xffff, 0xffff, 0xffff, 0xffff, 0xffff, 0xffff, 0xffff, 
	0xffff, 0xffff, 0xffff, 0xffff, 0xffff, 0xffff, 0xffff, 0xffff, 0xffff, 0xffff, 0xffff, 0xffff, 0xffff, 0xffff, 0xffff, 0xffff, 
	0xffff, 0xffff, 0xffff, 0xffff, 0xffff, 0xffff, 0xffff, 0xffff, 0xffff, 0xffff, 0xffff, 0xffff, 0xffff, 0xffff, 0xffff, 0xffff, 
	0xffff, 0xffff, 0xffff, 0xffff, 0xffff, 0xffff, 0xffff, 0xffff, 0xffff, 0xffff, 0xf7bd, 0xef9c, 0xe79b, 0xe7ba, 0xe7ba, 0xefda, 
	0xeffc, 0xf7fd, 0xffff, 0xffff, 0xf7df, 0xffff, 0xffff, 0xffff, 0xffff, 0xffff, 0xffff, 0xffff, 0xffff, 0xffff, 0xffff, 0xffff, 
	0xffff, 0xffff, 0xffff, 0xffff, 0xffff, 0xffff, 0xffff, 0xffff, 0xffff, 0xffff, 0xffff, 0xffff, 0xffff, 0xffff, 0xfffe, 0xf7fe, 
	0xf7fd, 0xd778, 0x6487, 0x7da9, 0x962b, 0x95ec, 0xd756, 0xfffd, 0xfffe, 0xfffe, 0xffff, 0xffff, 0xffff, 0xffff, 0xffff, 0xffff, 
	0xbed5, 0xf7fc, 0xfffe, 0xffff, 0xffff, 0xffff, 0xffff, 0xffff, 0xffff, 0xffff, 0xffff, 0xffff, 0xffff, 0xffff, 0xffff, 0xffff, 
	0xffff, 0xffff, 0xffdf, 0xffff, 0xffdf, 0xffdf, 0xffdf, 0xffff, 0xffff, 0xffff, 0xffff, 0xffff, 0xffff, 0xffff, 0xffff, 0xffff, 
	0xffff, 0xffff, 0xffff, 0xffff, 0xffff, 0xffff, 0xffff, 0xffff, 0xffff, 0xffff, 0xffff, 0xffff, 0xffff, 0xffff, 0xffff, 0xffff, 
	0xffff, 0xffff, 0xffff, 0xffff, 0xffff, 0xffff, 0xffff, 0xffff, 0xffff, 0xffff, 0xffff, 0xffff, 0xffff, 0xffff, 0xffff, 0xffff, 
	0xffff, 0xffff, 0xffff, 0xffff, 0xffff, 0xffff, 0xffff, 0xffff, 0xffff, 0xffff, 0xffff, 0xffff, 0xffff, 0xffff, 0xffff, 0xffff, 
	0xffff, 0xffff, 0xffff, 0xffff, 0xffff, 0xffff, 0xffff, 0xffff, 0xffff, 0xffff, 0xffff, 0xffff, 0xffff, 0xffff, 0xffff, 0xffff, 
	0xffff, 0xffff, 0xffff, 0xffff, 0xffff, 0xffff, 0xffff, 0xffff, 0xffff, 0xffff, 0xffff, 0xffff, 0xffff, 0xffff, 0xffff, 0xffff, 
	0xffff, 0xffff, 0xffff, 0xffff, 0xffff, 0xffff, 0xffff, 0xffff, 0xffff, 0xffff, 0xffff, 0xffff, 0xffff, 0xffff, 0xffff, 0xffff, 
	0xffff, 0xffff, 0xffff, 0xffff, 0xffff, 0xffff, 0xffff, 0xffff, 0xffff, 0xffff, 0xffff, 0xffff, 0xffff, 0xffff, 0xffff, 0xffff, 
	0xffff, 0xffff, 0xffff, 0xffff, 0xffff, 0xffff, 0xffff, 0xffff, 0xffff, 0xffff, 0xffff, 0xffff, 0xffff, 0xffff, 0xffff, 0xffff, 
	0xffff, 0xffff, 0xffff, 0xffff, 0xffff, 0xffff, 0xffff, 0xffff, 0xffff, 0xffff, 0xffff, 0xffff, 0xffff, 0xffff, 0xffff, 0xffff, 
	0xffff, 0xffff, 0xffff, 0xffff, 0xffff, 0xffff, 0xffff, 0xffff, 0xffff, 0xfffe, 0xdf1a, 0xbe75, 0xbe73, 0xb671, 0xa62e, 0xa60d, 
	0xc733, 0xeffa, 0xf7fd, 0xffff, 0xffff, 0xffdf, 0xffff, 0xffdf, 0xffff, 0xffff, 0xffff, 0xffff, 0xfffe, 0xffff, 0xffff, 0xffff, 
	0xffff, 0xffff, 0xffff, 0xffff, 0xffff, 0xffff, 0xffff, 0xffff, 0xffff, 0xffff, 0xffff, 0xffff, 0xffff, 0xffff, 0xffff, 0xffff, 
	0xf7fe, 0xf7fd, 0x9dd0, 0x5406, 0x962b, 0x9e2b, 0xc713, 0xf7fb, 0xfffe, 0xffff, 0xffff, 0xffff, 0xffff, 0xffff, 0xffff, 0xffff, 
	0x9e2f, 0xdfb7, 0xfffd, 0xffff, 0xffff, 0xffff, 0xffff, 0xffff, 0xffff, 0xffff, 0xffff, 0xffff, 0xffff, 0xffff, 0xffff, 0xffff, 
	0xffff, 0xffff, 0xffff, 0xffdf, 0xffff, 0xffdf, 0xffff, 0xffdf, 0xffff, 0xffff, 0xffff, 0xffff, 0xffff, 0xffff, 0xffff, 0xffff, 
	0xffff, 0xffff, 0xffff, 0xffff, 0xffff, 0xffff, 0xffff, 0xffff, 0xffff, 0xffff, 0xffff, 0xffff, 0xffff, 0xffff, 0xffff, 0xffff, 
	0xffff, 0xffff, 0xffff, 0xffff, 0xffff, 0xffff, 0xffff, 0xffff, 0xffff, 0xffff, 0xffff, 0xffff, 0xffff, 0xffff, 0xffff, 0xffff, 
	0xffff, 0xffff, 0xffff, 0xffff, 0xffff, 0xffff, 0xffff, 0xffff, 0xffff, 0xffff, 0xffff, 0xffff, 0xffff, 0xffff, 0xffff, 0xffff, 
	0xffff, 0xffff, 0xffff, 0xffff, 0xffff, 0xffff, 0xffff, 0xffff, 0xffff, 0xffff, 0xffff, 0xffff, 0xffff, 0xffff, 0xffff, 0xffff, 
	0xffff, 0xffff, 0xffff, 0xffff, 0xffff, 0xffff, 0xffff, 0xffff, 0xffff, 0xffff, 0xffff, 0xffff, 0xffff, 0xffff, 0xffff, 0xffff, 
	0xffff, 0xffff, 0xffff, 0xffff, 0xffff, 0xffff, 0xffff, 0xffff, 0xffff, 0xffff, 0xffff, 0xffff, 0xffff, 0xffff, 0xffff, 0xffff, 
	0xffff, 0xffff, 0xffff, 0xffff, 0xffff, 0xffff, 0xffff, 0xffff, 0xffff, 0xffff, 0xffff, 0xffff, 0xffff, 0xffff, 0xffff, 0xffff, 
	0xffff, 0xffff, 0xffff, 0xffff, 0xffff, 0xffff, 0xffff, 0xffff, 0xffff, 0xffff, 0xffff, 0xffff, 0xffff, 0xffff, 0xffff, 0xffff, 
	0xffff, 0xffff, 0xffff, 0xffff, 0xffff, 0xffff, 0xffff, 0xffff, 0xffff, 0xffff, 0xffff, 0xffff, 0xffff, 0xffff, 0xffff, 0xffff, 
	0xffff, 0xffff, 0xffff, 0xffff, 0xffff, 0xffff, 0xffff, 0xffff, 0xffff, 0xfffe, 0xfffe, 0xfffd, 0xeff9, 0xc6f2, 0x9e0c, 0x9e0b, 
	0x9e4d, 0xaeb0, 0xcf76, 0xe7fa, 0xf7fd, 0xfffe, 0xfffe, 0xffff, 0xffff, 0xffff, 0xffff, 0xffff, 0xffff, 0xffff, 0xffff, 0xffff, 
	0xffff, 0xffff, 0xffff, 0xffff, 0xffff, 0xffff, 0xffff, 0xffff, 0xffff, 0xffff, 0xffff, 0xffff, 0xffff, 0xffff, 0xffff, 0xffff, 
	0xffff, 0xfffe, 0xf7fd, 0x7ccc, 0x5c65, 0x85ca, 0x9e2d, 0xd797, 0xf7fd, 0xffff, 0xffff, 0xffff, 0xffff, 0xffff, 0xffff, 0xffff, 
	0x960b, 0xb6d1, 0xf7fb, 0xfffe, 0xffff, 0xffff, 0xffff, 0xffff, 0xffff, 0xffff, 0xffff, 0xffff, 0xffff, 0xffff, 0xffff, 0xffff, 
	0xffff, 0xf7fe, 0xf7fe, 0xfffe, 0xfffe, 0xffff, 0xffff, 0xffff, 0xffff, 0xffff, 0xffff, 0xffff, 0xffff, 0xffff, 0xffff, 0xffff, 
	0xffff, 0xffff, 0xffff, 0xffff, 0xffff, 0xffff, 0xffff, 0xffff, 0xffff, 0xffff, 0xffff, 0xffff, 0xffff, 0xffff, 0xffff, 0xffff, 
	0xffff, 0xffff, 0xffff, 0xffff, 0xffff, 0xffff, 0xffff, 0xffff, 0xffff, 0xffff, 0xffff, 0xffff, 0xffff, 0xffff, 0xffff, 0xffff, 
	0xffff, 0xffff, 0xffff, 0xffff, 0xffff, 0xffff, 0xffff, 0xffff, 0xffff, 0xffff, 0xffff, 0xffff, 0xffff, 0xffff, 0xffff, 0xffff, 
	0xffff, 0xffff, 0xffff, 0xffff, 0xffff, 0xffff, 0xffff, 0xffff, 0xffff, 0xffff, 0xffff, 0xffff, 0xffff, 0xffff, 0xffff, 0xffff, 
	0xffff, 0xffff, 0xffff, 0xffff, 0xffff, 0xffff, 0xffff, 0xffff, 0xffff, 0xffff, 0xffff, 0xffff, 0xffff, 0xffff, 0xffff, 0xffff, 
	0xffff, 0xffff, 0xffff, 0xffff, 0xffff, 0xffff, 0xffff, 0xffff, 0xffff, 0xffff, 0xffff, 0xffff, 0xffff, 0xffff, 0xffff, 0xffff, 
	0xffff, 0xffff, 0xffff, 0xffff, 0xffff, 0xffff, 0xffff, 0xffff, 0xffff, 0xffff, 0xffff, 0xffff, 0xffff, 0xffff, 0xffff, 0xffff, 
	0xffff, 0xffff, 0xffff, 0xffff, 0xffff, 0xffff, 0xffff, 0xffff, 0xffff, 0xffff, 0xffff, 0xffff, 0xffff, 0xffff, 0xffff, 0xffff, 
	0xffff, 0xffff, 0xffff, 0xffff, 0xffff, 0xffff, 0xffff, 0xffff, 0xffff, 0xffff, 0xffff, 0xffff, 0xffff, 0xffff, 0xffff, 0xffff, 
	0xffff, 0xffff, 0xffff, 0xffff, 0xfffe, 0xfffe, 0xffff, 0xffff, 0xffff, 0xffff, 0xffff, 0xfffe, 0xf7fc, 0xe7f9, 0xbed3, 0x95cd, 
	0x960c, 0x9e4c, 0xa68e, 0xa64f, 0xc714, 0xf7fb, 0xfffe, 0xffff, 0xffdf, 0xffdf, 0xffff, 0xffff, 0xffff, 0xffff, 0xffff, 0xffff, 
	0xffff, 0xffff, 0xffff, 0xffff, 0xffff, 0xffff, 0xffff, 0xffff, 0xffff, 0xffff, 0xffff, 0xffff, 0xffff, 0xffff, 0xffff, 0xffff, 
	0xffff, 0xfffe, 0xf7ff, 0xcf38, 0x4ba5, 0x7569, 0x964c, 0xb6d1, 0xefdb, 0xffff, 0xffff, 0xffff, 0xffff, 0xffff, 0xffff, 0xffff, 
	0x8e29, 0x960b, 0xe7b8, 0xfffe, 0xffff, 0xffff, 0xffff, 0xffff, 0xffff, 0xffff, 0xffff, 0xffff, 0xffff, 0xffff, 0xffff, 0xffff, 
	0xfffe, 0xfffe, 0xfffe, 0xf7dd, 0x9512, 0x94d1, 0x8490, 0xd6fa, 0xffff, 0xffff, 0xffff, 0xffff, 0xffff, 0xffff, 0xffff, 0xffff, 
	0xffff, 0xffff, 0xffff, 0xffff, 0xffff, 0xffff, 0xffff, 0xffff, 0xffff, 0xffff, 0xffff, 0xffff, 0xffff, 0xffff, 0xffff, 0xffff, 
	0xffff, 0xffff, 0xffff, 0xffff, 0xffff, 0xffff, 0xffff, 0xffff, 0xffff, 0xffff, 0xffff, 0xffff, 0xffff, 0xffff, 0xffff, 0xffff, 
	0xffff, 0xffff, 0xffff, 0xffff, 0xffff, 0xffff, 0xffff, 0xffff, 0xffff, 0xffff, 0xffff, 0xffff, 0xffff, 0xffff, 0xffff, 0xffff, 
	0xffff, 0xffff, 0xffff, 0xffff, 0xffff, 0xffff, 0xffff, 0xffff, 0xffff, 0xffff, 0xffff, 0xffff, 0xffff, 0xffff, 0xffff, 0xffff, 
	0xffff, 0xffff, 0xffff, 0xffff, 0xffff, 0xffff, 0xffff, 0xffff, 0xffff, 0xffff, 0xffff, 0xffff, 0xffff, 0xffff, 0xffff, 0xffff, 
	0xffff, 0xffff, 0xffff, 0xffff, 0xffff, 0xffff, 0xffff, 0xffff, 0xffff, 0xffff, 0xffff, 0xffff, 0xffff, 0xffff, 0xffff, 0xffff, 
	0xffff, 0xffff, 0xffff, 0xffff, 0xffff, 0xffff, 0xffff, 0xffff, 0xffff, 0xffff, 0xffff, 0xffff, 0xffff, 0xffff, 0xffff, 0xffff, 
	0xffff, 0xffff, 0xffff, 0xffff, 0xffff, 0xffff, 0xffff, 0xffff, 0xffff, 0xffff, 0xffff, 0xffff, 0xffff, 0xffff, 0xffff, 0xffff, 
	0xffff, 0xffff, 0xffff, 0xffff, 0xffff, 0xffff, 0xffff, 0xffff, 0xffff, 0xffff, 0xffff, 0xffff, 0xffff, 0xffff, 0xffff, 0xffff, 
	0xffff, 0xffff, 0xffff, 0xffff, 0xfffe, 0xfffe, 0xffff, 0xffff, 0xffff, 0xffff, 0xffff, 0xffff, 0xf7fe, 0xf7fd, 0xeffb, 0xd776, 
	0xcf54, 0x74c8, 0x6c87, 0x74e8, 0x852b, 0x958f, 0xa5d2, 0xefbc, 0xfffe, 0xffff, 0xffff, 0xffff, 0xffff, 0xffff, 0xffff, 0xffff, 
	0xffff, 0xffff, 0xffff, 0xffff, 0xffff, 0xffff, 0xffff, 0xffff, 0xffff, 0xffff, 0xffff, 0xffff, 0xffff, 0xffff, 0xffff, 0xffff, 
	0xffff, 0xffdf, 0xffff, 0xe7dc, 0x6caa, 0x6d28, 0x968b, 0x960b, 0xdfb9, 0xf7fe, 0xffff, 0xffff, 0xffff, 0xffff, 0xffff, 0xffff, 
	0x7584, 0x962a, 0xe7d7, 0xf7fc, 0xf7fe, 0xffff, 0xffff, 0xffff, 0xffff, 0xffff, 0xffff, 0xfffe, 0xffff, 0xffff, 0xf7fe, 0xfffe, 
	0xfffe, 0xefdd, 0xeffd, 0xa593, 0x4ae9, 0x4ac8, 0x4ac9, 0xbe37, 0xffff, 0xffff, 0xffff, 0xffff, 0xffff, 0xffff, 0xffff, 0xffff, 
	0xffff, 0xffff, 0xffff, 0xffff, 0xffff, 0xffff, 0xffff, 0xffff, 0xffff, 0xffff, 0xffff, 0xffff, 0xffff, 0xffff, 0xffff, 0xffff, 
	0xffff, 0xffff, 0xffff, 0xffff, 0xffff, 0xffff, 0xffff, 0xffff, 0xffff, 0xffff, 0xffff, 0xffff, 0xffff, 0xffff, 0xffff, 0xffff, 
	0xffff, 0xffff, 0xffff, 0xffff, 0xffff, 0xffff, 0xffff, 0xffff, 0xffff, 0xffff, 0xffff, 0xffff, 0xffff, 0xffff, 0xffff, 0xffff, 
	0xffff, 0xffff, 0xffff, 0xffff, 0xffff, 0xffff, 0xffff, 0xffff, 0xffff, 0xffff, 0xffff, 0xffff, 0xffff, 0xffff, 0xffff, 0xffff, 
	0xffff, 0xffff, 0xffff, 0xffff, 0xffff, 0xffff, 0xffff, 0xffff, 0xffff, 0xffff, 0xffff, 0xffff, 0xffff, 0xffff, 0xffff, 0xffff, 
	0xffff, 0xffff, 0xffff, 0xffff, 0xffff, 0xffff, 0xffff, 0xffff, 0xffff, 0xffff, 0xffff, 0xffff, 0xffff, 0xffff, 0xffff, 0xffff, 
	0xffff, 0xffff, 0xffff, 0xffff, 0xffff, 0xffff, 0xffff, 0xffff, 0xffff, 0xffff, 0xffff, 0xffff, 0xffff, 0xffff, 0xffff, 0xffff, 
	0xffff, 0xffff, 0xffff, 0xffff, 0xffff, 0xffff, 0xffff, 0xffff, 0xffff, 0xffff, 0xffff, 0xffff, 0xffff, 0xffff, 0xffff, 0xffff, 
	0xffff, 0xffff, 0xffff, 0xffff, 0xffff, 0xffff, 0xffff, 0xffff, 0xffff, 0xffff, 0xffff, 0xffff, 0xffff, 0xffff, 0xffff, 0xffff, 
	0xffff, 0xffff, 0xffff, 0xffff, 0xffff, 0xffff, 0xffff, 0xffff, 0xffff, 0xffff, 0xffff, 0xffff, 0xffff, 0xffff, 0xffff, 0xfffe, 
	0xf7fd, 0xa5b2, 0x9d90, 0x6c29, 0x53c6, 0x5be7, 0x5c08, 0x852e, 0xe7fb, 0xf7fd, 0xfffe, 0xffbe, 0xffff, 0xffff, 0xffff, 0xffff, 
	0xffff, 0xffff, 0xffff, 0xffff, 0xffff, 0xffff, 0xffff, 0xffff, 0xffff, 0xffff, 0xffff, 0xffff, 0xffff, 0xffff, 0xffff, 0xffff, 
	0xffff, 0xffff, 0xffff, 0xf7fe, 0x7d4d, 0x4404, 0x75a7, 0x966b, 0xd796, 0xf7fd, 0xf7fe, 0xffff, 0xffdf, 0xffff, 0xffff, 0xffff, 
	0x6d63, 0x966a, 0xae6f, 0xf7fa, 0xfffe, 0xffff, 0xffff, 0xffff, 0xffdf, 0xffff, 0xffff, 0xfffe, 0xffff, 0xffde, 0xfffe, 0xf7fd, 
	0x9511, 0x6bec, 0x740d, 0x4b09, 0x63ac, 0x742e, 0xb616, 0xf7dd, 0xffff, 0xffff, 0xffff, 0xffff, 0xffff, 0xffff, 0xffff, 0xffff, 
	0xffff, 0xffff, 0xffff, 0xffff, 0xffff, 0xffff, 0xffff, 0xffff, 0xffff, 0xffff, 0xffff, 0xffff, 0xffff, 0xffff, 0xffff, 0xffff, 
	0xffff, 0xffff, 0xffff, 0xffff, 0xffff, 0xffff, 0xffff, 0xffff, 0xffff, 0xffff, 0xffff, 0xffff, 0xffff, 0xffff, 0xffff, 0xffff, 
	0xffff, 0xffff, 0xffff, 0xffff, 0xffff, 0xffff, 0xffff, 0xffff, 0xffff, 0xffff, 0xffff, 0xffff, 0xffff, 0xffff, 0xffff, 0xffff, 
	0xffff, 0xffff, 0xffff, 0xffff, 0xffff, 0xffff, 0xffff, 0xffff, 0xffff, 0xffff, 0xffff, 0xffff, 0xffff, 0xffff, 0xffff, 0xffff, 
	0xffff, 0xffff, 0xffff, 0xffff, 0xffff, 0xffff, 0xffff, 0xffff, 0xffff, 0xffff, 0xffff, 0xffff, 0xffff, 0xffff, 0xffff, 0xffff, 
	0xffff, 0xffff, 0xffff, 0xffff, 0xffff, 0xffff, 0xffff, 0xffff, 0xffff, 0xffff, 0xffff, 0xffff, 0xffff, 0xffff, 0xffff, 0xffff, 
	0xffff, 0xffff, 0xffff, 0xffff, 0xffff, 0xffff, 0xffff, 0xffff, 0xffff, 0xffff, 0xffff, 0xffff, 0xffff, 0xffff, 0xffff, 0xffff, 
	0xffff, 0xffff, 0xffff, 0xffff, 0xffff, 0xffff, 0xffff, 0xffff, 0xffff, 0xffff, 0xffff, 0xffff, 0xffff, 0xffff, 0xffff, 0xffff, 
	0xffff, 0xffff, 0xffff, 0xffff, 0xffff, 0xffff, 0xffff, 0xffff, 0xffff, 0xffff, 0xffff, 0xffff, 0xffff, 0xffff, 0xffff, 0xffff, 
	0xffff, 0xffff, 0xffff, 0xffff, 0xffff, 0xffff, 0xffff, 0xffff, 0xffff, 0xffff, 0xffff, 0xffff, 0xffff, 0xffff, 0xffff, 0xffff, 
	0xffff, 0xffff, 0xf7fd, 0xbe95, 0xae32, 0x8d6e, 0x5c28, 0x6449, 0x7ced, 0x746d, 0x9531, 0xfffe, 0xf7dd, 0xffff, 0xffff, 0xffff, 
	0xffff, 0xffff, 0xffff, 0xffff, 0xffff, 0xffff, 0xffff, 0xffff, 0xffff, 0xffff, 0xffff, 0xffff, 0xffff, 0xffff, 0xffff, 0xffff, 
	0xffff, 0xffff, 0xffff, 0xf7fd, 0x854e, 0x43e4, 0x6d66, 0x8e4a, 0xa62f, 0xeffa, 0xf7fd, 0xfffe, 0xffff, 0xffdf, 0xffdf, 0xffff, 
	0x6d84, 0x968a, 0x960c, 0xcf75, 0xfffd, 0xfffe, 0xffff, 0xffff, 0xffff, 0xffff, 0xf7fe, 0xf7fe, 0xf7de, 0xffff, 0xe75b, 0x9511, 
	0x5349, 0x5329, 0x4ae8, 0x9511, 0xe77b, 0xfffe, 0xf7fe, 0xffff, 0xffff, 0xffff, 0xffff, 0xffff, 0xffff, 0xffff, 0xffff, 0xffff, 
	0xffff, 0xffff, 0xffff, 0xffff, 0xffff, 0xffff, 0xffff, 0xffff, 0xffff, 0xffff, 0xffff, 0xffff, 0xffff, 0xffff, 0xffff, 0xffff, 
	0xffff, 0xffff, 0xffff, 0xffff, 0xffff, 0xffff, 0xffff, 0xffff, 0xffff, 0xffff, 0xffff, 0xffff, 0xffff, 0xffff, 0xffff, 0xffff, 
	0xffff, 0xffff, 0xffff, 0xffff, 0xffff, 0xffff, 0xffff, 0xffff, 0xffff, 0xffff, 0xffff, 0xffff, 0xffff, 0xffff, 0xffff, 0xffff, 
	0xffff, 0xffff, 0xffff, 0xffff, 0xffff, 0xffff, 0xffff, 0xffff, 0xffff, 0xffff, 0xffff, 0xffff, 0xffff, 0xffff, 0xffff, 0xffff, 
	0xffff, 0xffff, 0xffff, 0xffff, 0xffff, 0xffff, 0xffff, 0xffff, 0xffff, 0xffff, 0xffff, 0xffff, 0xffff, 0xffff, 0xffff, 0xffff, 
	0xffff, 0xffff, 0xffff, 0xffff, 0xffff, 0xffff, 0xffff, 0xffff, 0xffff, 0xffff, 0xffff, 0xffff, 0xffff, 0xffff, 0xffff, 0xffff, 
	0xffff, 0xffff, 0xffff, 0xffff, 0xffff, 0xffff, 0xffff, 0xffff, 0xffff, 0xffff, 0xffff, 0xffff, 0xffff, 0xffff, 0xffff, 0xffff, 
	0xffff, 0xffff, 0xffff, 0xffff, 0xffff, 0xffff, 0xffff, 0xffff, 0xffff, 0xffff, 0xffff, 0xffff, 0xffff, 0xffff, 0xffff, 0xffff, 
	0xffff, 0xffff, 0xffff, 0xffff, 0xffff, 0xffff, 0xffff, 0xffff, 0xffff, 0xffff, 0xffff, 0xffff, 0xffff, 0xffff, 0xffff, 0xffff, 
	0xfffe, 0xfffe, 0xffff, 0xffff, 0xffff, 0xffff, 0xffff, 0xffff, 0xffff, 0xffff, 0xffff, 0xffff, 0xffff, 0xffff, 0xffff, 0xffff, 
	0xffff, 0xffff, 0xfffe, 0xfffe, 0xfffe, 0xefdb, 0xc717, 0xcf57, 0x852f, 0x4326, 0x6c4c, 0xcf18, 0xf7fd, 0xf7fd, 0xfffe, 0xfffe, 
	0xffff, 0xffff, 0xffff, 0xffff, 0xffff, 0xffff, 0xffff, 0xffff, 0xffff, 0xffff, 0xffff, 0xffff, 0xffff, 0xffff, 0xffff, 0xffff, 
	0xffff, 0xffff, 0xffff, 0xfffd, 0x852d, 0x4c05, 0x75a7, 0x968a, 0x962c, 0xd795, 0xfffc, 0xffde, 0xffff, 0xffff, 0xffff, 0xffff, 
	0x6503, 0x8e49, 0x964c, 0xa670, 0xf7fc, 0xfffe, 0xffff, 0xffff, 0xffff, 0xffff, 0xfffe, 0xffff, 0xf7dd, 0xc657, 0x7c2e, 0x4ac8, 
	0x4b09, 0x4b08, 0x8cd0, 0xefdc, 0xfffe, 0xffff, 0xfffe, 0xffff, 0xffff, 0xffff, 0xffff, 0xffff, 0xffff, 0xffff, 0xffff, 0xffff, 
	0xffff, 0xffff, 0xffff, 0xffff, 0xffff, 0xffff, 0xffff, 0xffff, 0xffff, 0xffff, 0xffff, 0xffff, 0xffff, 0xffff, 0xffff, 0xffff, 
	0xffff, 0xffff, 0xffff, 0xffff, 0xffff, 0xffff, 0xffff, 0xffff, 0xffff, 0xffff, 0xffff, 0xffff, 0xffff, 0xffff, 0xffff, 0xffff, 
	0xffff, 0xffff, 0xffff, 0xffff, 0xffff, 0xffff, 0xffff, 0xffff, 0xffff, 0xffff, 0xffff, 0xffff, 0xffff, 0xffff, 0xffff, 0xffff, 
	0xffff, 0xffff, 0xffff, 0xffff, 0xffff, 0xffff, 0xffff, 0xffff, 0xffff, 0xffff, 0xffff, 0xffff, 0xffff, 0xffff, 0xffff, 0xffff, 
	0xffff, 0xffff, 0xffff, 0xffff, 0xffff, 0xffff, 0xffff, 0xffff, 0xffff, 0xffff, 0xffff, 0xffff, 0xffff, 0xffff, 0xffff, 0xffff, 
	0xffff, 0xffff, 0xffff, 0xffff, 0xffff, 0xffff, 0xffff, 0xffff, 0xffff, 0xffff, 0xffff, 0xffff, 0xffff, 0xffff, 0xffff, 0xffff, 
	0xffff, 0xffff, 0xffff, 0xffff, 0xffff, 0xffff, 0xffff, 0xffff, 0xffff, 0xffff, 0xffff, 0xffff, 0xffff, 0xffff, 0xffff, 0xffff, 
	0xffff, 0xffff, 0xffff, 0xffff, 0xffff, 0xffff, 0xffff, 0xffff, 0xffff, 0xffff, 0xffff, 0xffff, 0xffff, 0xffff, 0xffff, 0xffff, 
	0xffff, 0xffff, 0xffff, 0xffff, 0xffff, 0xffff, 0xffff, 0xffff, 0xffff, 0xffff, 0xffff, 0xffff, 0xffff, 0xffff, 0xffff, 0xffff, 
	0xfffe, 0xfffe, 0xffff, 0xffff, 0xffff, 0xffff, 0xffff, 0xffff, 0xffff, 0xffff, 0xffff, 0xffff, 0xffff, 0xffff, 0xffff, 0xffff, 
	0xffff, 0xffff, 0xffdf, 0xffff, 0xffde, 0xffff, 0xfffe, 0xf7fd, 0xbeb6, 0x7cce, 0x4b88, 0x640a, 0xb674, 0xbe96, 0xf7fd, 0xf7fe, 
	0xffff, 0xffff, 0xffff, 0xffff, 0xffdf, 0xffff, 0xffff, 0xffff, 0xffff, 0xffff, 0xffff, 0xffff, 0xffff, 0xffff, 0xffff, 0xffff, 
	0xffff, 0xffff, 0xfffe, 0xfffd, 0x850e, 0x4be5, 0x5cc5, 0x8629, 0x85e9, 0xa64e, 0xf7fb, 0xffff, 0xffdf, 0xffdf, 0xffff, 0xfffe, 
	0x4c22, 0x8609, 0x8e2b, 0x9e6f, 0xf7fb, 0xfffe, 0xffff, 0xffff, 0xffff, 0xffff, 0xf7dd, 0xdf3a, 0xadd5, 0x530a, 0x530a, 0x740d, 
	0xced8, 0xcef9, 0xf7fe, 0xffff, 0xffff, 0xffdf, 0xffff, 0xffff, 0xffff, 0xffff, 0xffff, 0xffff, 0xffff, 0xffff, 0xffff, 0xffff, 
	0xffff, 0xffff, 0xffff, 0xffff, 0xffff, 0xffff, 0xffff, 0xffff, 0xffff, 0xffff, 0xffff, 0xffff, 0xffff, 0xffff, 0xffff, 0xffff, 
	0xffff, 0xffff, 0xffff, 0xffff, 0xffff, 0xffff, 0xffff, 0xffff, 0xffff, 0xffff, 0xffff, 0xffff, 0xffff, 0xffff, 0xffff, 0xffff, 
	0xffff, 0xffff, 0xffff, 0xffff, 0xffff, 0xffff, 0xffff, 0xffff, 0xffff, 0xffff, 0xffff, 0xffff, 0xffff, 0xffff, 0xffff, 0xffff, 
	0xffff, 0xffff, 0xffff, 0xffff, 0xffff, 0xffff, 0xffff, 0xffff, 0xffff, 0xffff, 0xffff, 0xffff, 0xffff, 0xffff, 0xffff, 0xffff, 
	0xffff, 0xffff, 0xffff, 0xffff, 0xffff, 0xffff, 0xffff, 0xffff, 0xffff, 0xffff, 0xffff, 0xffff, 0xffff, 0xffff, 0xffff, 0xffff, 
	0xffff, 0xffff, 0xffff, 0xffff, 0xffff, 0xffff, 0xffff, 0xffff, 0xffff, 0xffff, 0xffff, 0xffff, 0xffff, 0xffff, 0xffff, 0xffff, 
	0xffff, 0xffff, 0xffff, 0xffff, 0xffff, 0xffff, 0xffff, 0xffff, 0xffff, 0xffff, 0xffff, 0xffff, 0xffff, 0xffff, 0xffff, 0xffff, 
	0xffff, 0xffff, 0xffff, 0xffff, 0xffff, 0xffff, 0xffff, 0xffff, 0xffff, 0xffff, 0xffff, 0xffff, 0xffff, 0xffff, 0xffff, 0xffff, 
	0xffff, 0xffff, 0xffff, 0xffff, 0xffff, 0xffff, 0xffff, 0xffff, 0xffff, 0xffff, 0xffff, 0xffff, 0xffff, 0xffff, 0xffff, 0xffff, 
	0xffff, 0xffff, 0xffff, 0xffff, 0xffff, 0xffff, 0xffff, 0xffff, 0xffff, 0xffff, 0xffff, 0xffff, 0xffff, 0xffff, 0xfffe, 0xfffe, 
	0xffff, 0xffff, 0xffff, 0xffff, 0xffde, 0xffff, 0xffff, 0xffff, 0xffff, 0xeffd, 0x9dd1, 0x53c8, 0x4ba6, 0x5c08, 0xb674, 0xf7fd, 
	0xf7fd, 0xffff, 0xffff, 0xffff, 0xffff, 0xffff, 0xffff, 0xffde, 0xfffe, 0xffff, 0xffff, 0xffff, 0xffff, 0xffff, 0xffff, 0xffff, 
	0xffff, 0xffff, 0xffff, 0xfffe, 0x84ef, 0x4b86, 0x4c44, 0x7de9, 0x8e49, 0x9e2c, 0xeffa, 0xfffe, 0xffff, 0xffff, 0xffff, 0xffff, 
	0x4c03, 0x7548, 0x862a, 0x9e8f, 0xf7fc, 0xfffe, 0xffff, 0xffff, 0xffff, 0xffff, 0xd73a, 0x638a, 0x4aa8, 0xa594, 0xe79c, 0xe77c, 
	0xfffe, 0xfffe, 0xfffe, 0xfffe, 0xffff, 0xffff, 0xffdf, 0xffff, 0xffff, 0xffff, 0xffff, 0xffff, 0xffff, 0xffff, 0xffff, 0xffff, 
	0xffff, 0xffff, 0xffff, 0xffff, 0xffff, 0xffff, 0xffff, 0xffff, 0xffff, 0xffff, 0xffff, 0xffff, 0xffff, 0xffff, 0xffff, 0xffff, 
	0xffff, 0xffff, 0xffff, 0xffff, 0xffff, 0xffff, 0xffff, 0xffff, 0xffff, 0xffff, 0xffff, 0xffff, 0xffff, 0xffff, 0xffff, 0xffff, 
	0xffff, 0xffff, 0xffff, 0xffff, 0xffff, 0xffff, 0xffff, 0xffff, 0xffff, 0xffff, 0xffff, 0xffff, 0xffff, 0xffff, 0xffff, 0xffff, 
	0xffff, 0xffff, 0xffff, 0xffff, 0xffff, 0xffff, 0xffff, 0xffff, 0xffff, 0xffff, 0xffff, 0xffff, 0xffff, 0xffff, 0xffff, 0xffff, 
	0xffff, 0xffff, 0xffff, 0xffff, 0xffff, 0xffff, 0xffff, 0xffff, 0xffff, 0xffff, 0xffff, 0xffff, 0xffff, 0xffff, 0xffff, 0xffff, 
	0xffff, 0xffff, 0xffff, 0xffff, 0xffff, 0xffff, 0xffff, 0xffff, 0xffff, 0xffff, 0xffff, 0xffff, 0xffff, 0xffff, 0xffff, 0xffff, 
	0xffff, 0xffff, 0xffff, 0xffff, 0xffff, 0xffff, 0xffff, 0xffff, 0xffff, 0xffff, 0xffff, 0xffff, 0xffff, 0xffff, 0xffff, 0xffff, 
	0xffff, 0xffff, 0xffff, 0xffff, 0xffff, 0xffff, 0xffff, 0xffff, 0xffff, 0xffff, 0xffff, 0xffff, 0xffff, 0xffff, 0xffff, 0xffff, 
	0xffff, 0xffff, 0xffff, 0xffff, 0xffff, 0xffff, 0xffff, 0xffff, 0xffff, 0xffff, 0xffff, 0xffff, 0xffff, 0xffff, 0xffff, 0xffff, 
	0xffff, 0xffff, 0xffff, 0xffff, 0xffff, 0xffff, 0xffff, 0xffff, 0xffff, 0xffff, 0xffff, 0xffff, 0xffff, 0xffff, 0xffff, 0xffff, 
	0xffff, 0xffff, 0xffff, 0xffff, 0xffff, 0xffff, 0xffbf, 0xffbf, 0xffff, 0xfffe, 0xe7db, 0xae73, 0x6449, 0x53c7, 0x648a, 0xbef5, 
	0xf7fc, 0xfffe, 0xfffe, 0xfffe, 0xffff, 0xfffe, 0xffff, 0xfffe, 0xfffe, 0xfffe, 0xffff, 0xffff, 0xffff, 0xffff, 0xffff, 0xffff, 
	0xffff, 0xffff, 0xffff, 0xffff, 0xb655, 0x74cd, 0x4c26, 0x7568, 0x8608, 0x9e6c, 0xeffa, 0xffff, 0xffff, 0xffff, 0xffff, 0xf7de, 
	0x4be4, 0x5445, 0x7e0a, 0x966e, 0xf7fc, 0xffff, 0xffff, 0xffff, 0xffff, 0xc698, 0x6bcb, 0x5b69, 0x7c4e, 0xc698, 0xffff, 0xffff, 
	0xffff, 0xffff, 0xfffe, 0xfffe, 0xffff, 0xffff, 0xffff, 0xffff, 0xffff, 0xffff, 0xffff, 0xffff, 0xffff, 0xffff, 0xffff, 0xffff, 
	0xffff, 0xffff, 0xffff, 0xffff, 0xffff, 0xffff, 0xffff, 0xffff, 0xffff, 0xffff, 0xffff, 0xffff, 0xffff, 0xffff, 0xffff, 0xffff, 
	0xffff, 0xffff, 0xffff, 0xffff, 0xffff, 0xffff, 0xffff, 0xffff, 0xffff, 0xffff, 0xffff, 0xffff, 0xffff, 0xffff, 0xffff, 0xffff, 
	0xffff, 0xffff, 0xffff, 0xffff, 0xffff, 0xffff, 0xffff, 0xffff, 0xffff, 0xffff, 0xffff, 0xffff, 0xffff, 0xffff, 0xffff, 0xffff, 
	0xffff, 0xffff, 0xffff, 0xffff, 0xffff, 0xffff, 0xffff, 0xffff, 0xffff, 0xffff, 0xffff, 0xffff, 0xffff, 0xffff, 0xffff, 0xffff, 
	0xffff, 0xffff, 0xffff, 0xffff, 0xffff, 0xffff, 0xffff, 0xffff, 0xffff, 0xffff, 0xffff, 0xffff, 0xffff, 0xffff, 0xffff, 0xffff, 
	0xffff, 0xffff, 0xffff, 0xffff, 0xffff, 0xffff, 0xffff, 0xffff, 0xffff, 0xffff, 0xffff, 0xffff, 0xffff, 0xffff, 0xffff, 0xffff, 
	0xffff, 0xffff, 0xffff, 0xffff, 0xffff, 0xffff, 0xffff, 0xffff, 0xffff, 0xffff, 0xffff, 0xffff, 0xffff, 0xffff, 0xffff, 0xffff, 
	0xffff, 0xffff, 0xffff, 0xffff, 0xffff, 0xffff, 0xffff, 0xffff, 0xffff, 0xffff, 0xffff, 0xffff, 0xffff, 0xffff, 0xffff, 0xffff, 
	0xffff, 0xffff, 0xffff, 0xffff, 0xffff, 0xffff, 0xffff, 0xffff, 0xffff, 0xffff, 0xffff, 0xffff, 0xffff, 0xffff, 0xffff, 0xffff, 
	0xffff, 0xffff, 0xffff, 0xffff, 0xffff, 0xffff, 0xffff, 0xffff, 0xffff, 0xffff, 0xffff, 0xffff, 0xffff, 0xffff, 0xffff, 0xffff, 
	0xffff, 0xffff, 0xffff, 0xffff, 0xffff, 0xffff, 0xffff, 0xffff, 0xfffe, 0xffff, 0xf7fe, 0xf7fe, 0xae34, 0x7d0d, 0x5427, 0x854c, 
	0xcf16, 0xefbb, 0xfffe, 0xfffe, 0xfffe, 0xfffe, 0xfffd, 0xfffd, 0xfffd, 0xfffe, 0xfffe, 0xffff, 0xffff, 0xffff, 0xffff, 0xffff, 
	0xfffe, 0xffff, 0xffff, 0xf7fe, 0xf7fe, 0xbeb6, 0x43a6, 0x4c25, 0x75a8, 0x9e4d, 0xeffb, 0xffff, 0xf7df, 0xffff, 0xffff, 0xd6d9, 
	0x4be5, 0x4c24, 0x7de9, 0x968e, 0xeffb, 0xffff, 0xfffe, 0xf7de, 0xadb5, 0x5b4b, 0x5328, 0xbe75, 0xf7fe, 0xffff, 0xf7ff, 0xffff, 
	0xffff, 0xffff, 0xffff, 0xffff, 0xffff, 0xffff, 0xffff, 0xffff, 0xffff, 0xffff, 0xffff, 0xffff, 0xffff, 0xffff, 0xffff, 0xffff, 
	0xffff, 0xffff, 0xffff, 0xffff, 0xffff, 0xffff, 0xffff, 0xffff, 0xffff, 0xffff, 0xffff, 0xffff, 0xffff, 0xffff, 0xffff, 0xffff, 
	0xffff, 0xffff, 0xffff, 0xffff, 0xffff, 0xffff, 0xffff, 0xffff, 0xffff, 0xffff, 0xffff, 0xffff, 0xffff, 0xffff, 0xffff, 0xffff, 
	0xffff, 0xffff, 0xffff, 0xffff, 0xffff, 0xffff, 0xffff, 0xffff, 0xffff, 0xffff, 0xffff, 0xffff, 0xffff, 0xffff, 0xffff, 0xffff, 
	0xffff, 0xffff, 0xffff, 0xffff, 0xffff, 0xffff, 0xffff, 0xffff, 0xffff, 0xffff, 0xffff, 0xffff, 0xffff, 0xffff, 0xffff, 0xffff, 
	0xffff, 0xffff, 0xffff, 0xffff, 0xffff, 0xffff, 0xffff, 0xffff, 0xffff, 0xffff, 0xffff, 0xffff, 0xffff, 0xffff, 0xffff, 0xffff, 
	0xffff, 0xffff, 0xffff, 0xffff, 0xffff, 0xffff, 0xffff, 0xffff, 0xffff, 0xffff, 0xffff, 0xffff, 0xffff, 0xffff, 0xffff, 0xffff, 
	0xffff, 0xffff, 0xffff, 0xffff, 0xffff, 0xffff, 0xffff, 0xffff, 0xffff, 0xffff, 0xffff, 0xffff, 0xffff, 0xffff, 0xffff, 0xffff, 
	0xffff, 0xffff, 0xffff, 0xffff, 0xffff, 0xffff, 0xffff, 0xffff, 0xffff, 0xffff, 0xffff, 0xffff, 0xffff, 0xffff, 0xffff, 0xffff, 
	0xffff, 0xffff, 0xffff, 0xffff, 0xffff, 0xffff, 0xffff, 0xffff, 0xffff, 0xffff, 0xffff, 0xffff, 0xffff, 0xffff, 0xffff, 0xffff, 
	0xffff, 0xffff, 0xffff, 0xffff, 0xffff, 0xffff, 0xffff, 0xffff, 0xffff, 0xffff, 0xffff, 0xffff, 0xffff, 0xffff, 0xffff, 0xffff, 
	0xffff, 0xffff, 0xffff, 0xffff, 0xffff, 0xffff, 0xffff, 0xffff, 0xffff, 0xffff, 0xffff, 0xf7fe, 0xf7fe, 0xdfb9, 0x856d, 0x74c9, 
	0x6408, 0xae12, 0xf7fc, 0xfffd, 0xfffe, 0xf7fd, 0xd717, 0xcef6, 0xd757, 0xefda, 0xfffd, 0xffff, 0xffdf, 0xffff, 0xffff, 0xffff, 
	0xffff, 0xffff, 0xffff, 0xffff, 0xffff, 0xd75a, 0x5409, 0x43e5, 0x75a8, 0x964c, 0xe7fa, 0xf7fe, 0xffff, 0xf7ff, 0xbe36, 0x6bcc, 
	0x5405, 0x4be4, 0x8609, 0x85ea, 0xb6d3, 0xeffc, 0xdf7a, 0xc6b8, 0x530a, 0x530a, 0xc697, 0xf7fd, 0xf7fe, 0xf7ff, 0xffff, 0xffff, 
	0xffff, 0xffff, 0xffff, 0xffff, 0xffff, 0xffff, 0xffff, 0xffff, 0xffff, 0xffff, 0xffff, 0xffff, 0xffff, 0xffff, 0xffff, 0xffff, 
	0xffff, 0xffff, 0xffff, 0xffff, 0xffff, 0xffff, 0xffff, 0xffff, 0xffff, 0xffff, 0xffff, 0xffff, 0xffff, 0xffff, 0xffff, 0xffff, 
	0xffff, 0xffff, 0xffff, 0xffff, 0xffff, 0xffff, 0xffff, 0xffff, 0xffff, 0xffff, 0xffff, 0xffff, 0xffff, 0xffff, 0xffff, 0xffff, 
	0xffff, 0xffff, 0xffff, 0xffff, 0xffff, 0xffff, 0xffff, 0xffff, 0xffff, 0xffff, 0xffff, 0xffff, 0xffff, 0xffff, 0xffff, 0xffff, 
	0xffff, 0xffff, 0xffff, 0xffff, 0xffff, 0xffff, 0xffff, 0xffff, 0xffff, 0xffff, 0xffff, 0xffff, 0xffff, 0xffff, 0xffff, 0xffff, 
	0xffff, 0xffff, 0xffff, 0xffff, 0xffff, 0xffff, 0xffff, 0xffff, 0xffff, 0xffff, 0xffff, 0xffff, 0xffff, 0xffff, 0xffff, 0xffff, 
	0xffff, 0xffff, 0xffff, 0xffff, 0xffff, 0xffff, 0xffff, 0xffff, 0xffff, 0xffff, 0xffff, 0xffff, 0xffff, 0xffff, 0xffff, 0xffff, 
	0xffff, 0xffff, 0xffff, 0xffff, 0xffff, 0xffff, 0xffff, 0xffff, 0xffff, 0xffff, 0xffff, 0xffff, 0xffff, 0xffff, 0xffff, 0xffff, 
	0xffff, 0xffff, 0xffff, 0xffff, 0xffff, 0xffff, 0xffff, 0xffff, 0xffff, 0xffff, 0xffff, 0xffff, 0xffff, 0xffff, 0xffff, 0xffff, 
	0xffff, 0xffff, 0xffff, 0xffff, 0xffff, 0xffff, 0xffff, 0xffff, 0xffff, 0xffff, 0xffff, 0xffff, 0xffff, 0xffff, 0xffff, 0xffff, 
	0xffff, 0xffff, 0xffff, 0xffff, 0xffff, 0xffff, 0xffff, 0xffff, 0xffff, 0xffff, 0xffff, 0xffff, 0xffff, 0xffff, 0xffff, 0xffff, 
	0xffff, 0xffff, 0xffff, 0xffff, 0xffff, 0xffff, 0xffff, 0xffff, 0xffff, 0xffff, 0xffff, 0xffff, 0xf7fe, 0xeffc, 0xbeb4, 0x850b, 
	0x6ca8, 0x7d2a, 0xbf15, 0xf7fc, 0xf7fd, 0xf7fb, 0xae71, 0x9e0d, 0x9e2d, 0xbed1, 0xeffa, 0xfffe, 0xffde, 0xffff, 0xffff, 0xffff, 
	0xffff, 0xffff, 0xffff, 0xffdf, 0xffff, 0xe79c, 0x642b, 0x43c5, 0x75c9, 0x7dc9, 0xae92, 0xe7fb, 0xdf7a, 0xdf3a, 0x5bab, 0x4307, 
	0x3b44, 0x4be4, 0x7da8, 0x7dc9, 0x9e91, 0x95d1, 0x4b48, 0x536a, 0x4ae9, 0xa594, 0xfffe, 0xfffe, 0xf7fe, 0xf7ff, 0xffff, 0xffff, 
	0xffff, 0xffff, 0xffff, 0xffff, 0xffff, 0xffff, 0xffff, 0xffff, 0xffff, 0xffff, 0xffff, 0xffff, 0xffff, 0xffff, 0xffff, 0xffff, 
	0xffff, 0xffff, 0xffff, 0xffff, 0xffff, 0xffff, 0xffff, 0xffff, 0xffff, 0xffff, 0xffff, 0xffff, 0xffff, 0xffff, 0xffff, 0xffff, 
	0xffff, 0xffff, 0xffff, 0xffff, 0xffff, 0xffff, 0xffff, 0xffff, 0xffff, 0xffff, 0xffff, 0xffff, 0xffff, 0xffff, 0xffff, 0xffff, 
	0xffff, 0xffff, 0xffff, 0xffff, 0xffff, 0xffff, 0xffff, 0xffff, 0xffff, 0xffff, 0xffff, 0xffff, 0xffff, 0xffff, 0xffff, 0xffff, 
	0xffff, 0xffff, 0xffff, 0xffff, 0xffff, 0xffff, 0xffff, 0xffff, 0xffff, 0xffff, 0xffff, 0xffff, 0xffff, 0xffff, 0xffff, 0xffff, 
	0xffff, 0xffff, 0xffff, 0xffff, 0xffff, 0xffff, 0xffff, 0xffff, 0xffff, 0xffff, 0xffff, 0xffff, 0xffff, 0xffff, 0xffff, 0xffff, 
	0xffff, 0xffff, 0xffff, 0xffff, 0xffff, 0xffff, 0xffff, 0xffff, 0xffff, 0xffff, 0xffff, 0xffff, 0xffff, 0xffff, 0xffff, 0xffff, 
	0xffff, 0xffff, 0xffff, 0xffff, 0xffff, 0xffff, 0xffff, 0xffff, 0xffff, 0xffff, 0xffff, 0xffff, 0xffff, 0xffff, 0xffff, 0xffff, 
	0xffff, 0xffff, 0xffff, 0xffff, 0xffff, 0xffff, 0xffff, 0xffff, 0xffff, 0xffff, 0xffff, 0xffff, 0xffff, 0xffff, 0xffff, 0xffff, 
	0xffff, 0xffff, 0xffff, 0xffff, 0xffff, 0xffff, 0xffff, 0xffff, 0xffff, 0xffff, 0xffff, 0xffff, 0xffff, 0xffff, 0xffff, 0xffff, 
	0xffff, 0xffff, 0xffff, 0xffff, 0xffff, 0xffff, 0xffff, 0xffff, 0xffff, 0xffff, 0xffff, 0xffff, 0xffff, 0xffff, 0xffff, 0xffff, 
	0xffff, 0xffff, 0xffff, 0xffff, 0xffff, 0xffff, 0xffff, 0xffff, 0xffff, 0xffff, 0xffff, 0xf7de, 0xffff, 0xfffe, 0xf7fc, 0xa610, 
	0x6d08, 0x8e2c, 0x9e4f, 0xd7b7, 0xdfb8, 0xf7fa, 0xd795, 0xa66f, 0x9e6c, 0x9e0d, 0xbe94, 0xf7dc, 0xffff, 0xffff, 0xffff, 0xffff, 
	0xffff, 0xffff, 0xffff, 0xffff, 0xffff, 0xc698, 0x4327, 0x43c5, 0x5d26, 0x6d88, 0x964f, 0x95d0, 0x5348, 0x5349, 0x4308, 0x8530, 
	0x4ba8, 0x43a6, 0x5cc6, 0x7dea, 0x5ca9, 0x4387, 0x4b88, 0x4307, 0x7c8f, 0xef9c, 0xfffe, 0xffff, 0xffff, 0xf7ff, 0xffff, 0xffff, 
	0xffff, 0xffff, 0xffff, 0xffff, 0xffff, 0xffff, 0xffff, 0xffff, 0xffff, 0xffff, 0xffff, 0xffff, 0xffff, 0xffff, 0xffff, 0xffff, 
	0xffff, 0xffff, 0xffff, 0xffff, 0xffff, 0xffff, 0xffff, 0xffff, 0xffff, 0xffff, 0xffff, 0xffff, 0xffff, 0xffff, 0xffff, 0xffff, 
	0xffff, 0xffff, 0xffff, 0xffff, 0xffff, 0xffff, 0xffff, 0xffff, 0xffff, 0xffff, 0xffff, 0xffff, 0xffff, 0xffff, 0xffff, 0xffff, 
	0xffff, 0xffff, 0xffff, 0xffff, 0xffff, 0xffff, 0xffff, 0xffff, 0xffff, 0xffff, 0xffff, 0xffff, 0xffff, 0xffff, 0xffff, 0xffff, 
	0xffff, 0xffff, 0xffff, 0xffff, 0xffff, 0xffff, 0xffff, 0xffff, 0xffff, 0xffff, 0xffff, 0xffff, 0xffff, 0xffff, 0xffff, 0xffff, 
	0xffff, 0xffff, 0xffff, 0xffff, 0xffff, 0xffff, 0xffff, 0xffff, 0xffff, 0xffff, 0xffff, 0xffff, 0xffff, 0xffff, 0xffff, 0xffff, 
	0xffff, 0xffff, 0xffff, 0xffff, 0xffff, 0xffff, 0xffff, 0xffff, 0xffff, 0xffff, 0xffff, 0xffff, 0xffff, 0xffff, 0xffff, 0xffff, 
	0xffff, 0xffff, 0xffff, 0xffff, 0xffff, 0xffff, 0xffff, 0xffff, 0xffff, 0xffff, 0xffff, 0xffff, 0xffff, 0xffff, 0xffff, 0xffff, 
	0xffff, 0xffff, 0xffff, 0xffff, 0xffff, 0xffff, 0xffff, 0xffff, 0xffff, 0xffff, 0xffff, 0xffff, 0xffff, 0xffff, 0xffff, 0xffff, 
	0xffff, 0xffff, 0xffff, 0xffff, 0xffff, 0xffff, 0xffff, 0xffff, 0xffff, 0xffff, 0xffff, 0xffff, 0xffff, 0xffff, 0xffff, 0xffff, 
	0xffff, 0xffff, 0xffff, 0xffff, 0xffff, 0xffff, 0xffff, 0xffff, 0xffff, 0xffff, 0xffff, 0xffff, 0xffff, 0xffff, 0xffff, 0xffff, 
	0xffff, 0xffff, 0xffff, 0xffff, 0xffff, 0xffff, 0xffff, 0xffff, 0xffff, 0xffff, 0xffff, 0xffff, 0xffff, 0xf7be, 0xfffd, 0xb694, 
	0x5c86, 0x6d67, 0x860b, 0x6ce7, 0x6c67, 0xcf34, 0xf7fb, 0xd736, 0xa62f, 0xae2f, 0xc675, 0xf7dd, 0xffff, 0xffff, 0xffff, 0xffff, 
	0xfffe, 0xfffe, 0xffff, 0xffff, 0xffff, 0xdf5a, 0x642b, 0x3ba5, 0x4484, 0x6dea, 0x5ce9, 0x43a7, 0x4b68, 0x4b28, 0x640c, 0xcf5a, 
	0x7cef, 0x3b25, 0x4425, 0x6508, 0x43c6, 0x4387, 0x4347, 0x3aa6, 0xadf5, 0xffff, 0xffde, 0xffff, 0xffff, 0xffff, 0xffff, 0xffff, 
	0xffff, 0xffff, 0xffff, 0xffff, 0xffff, 0xffff, 0xffff, 0xffff, 0xffff, 0xffff, 0xffff, 0xffff, 0xffff, 0xffff, 0xffff, 0xffff, 
	0xffff, 0xffff, 0xffff, 0xffff, 0xffff, 0xffff, 0xffff, 0xffff, 0xffff, 0xffff, 0xffff, 0xffff, 0xffff, 0xffff, 0xffff, 0xffff, 
	0xffff, 0xffff, 0xffff, 0xffff, 0xffff, 0xffff, 0xffff, 0xffff, 0xffff, 0xffff, 0xffff, 0xffff, 0xffff, 0xffff, 0xffff, 0xffff, 
	0xffff, 0xffff, 0xffff, 0xffff, 0xffff, 0xffff, 0xffff, 0xffff, 0xffff, 0xffff, 0xffff, 0xffff, 0xffff, 0xffff, 0xffff, 0xffff, 
	0xffff, 0xffff, 0xffff, 0xffff, 0xffff, 0xffff, 0xffff, 0xffff, 0xffff, 0xffff, 0xffff, 0xffff, 0xffff, 0xffff, 0xffff, 0xffff, 
	0xffff, 0xffff, 0xffff, 0xffff, 0xffff, 0xffff, 0xffff, 0xffff, 0xffff, 0xffff, 0xffff, 0xffff, 0xffff, 0xffff, 0xffff, 0xffff, 
	0xffff, 0xffff, 0xffff, 0xffff, 0xffff, 0xffff, 0xffff, 0xffff, 0xffff, 0xffff, 0xffff, 0xffff, 0xffff, 0xffff, 0xffff, 0xffff, 
	0xffff, 0xffff, 0xffff, 0xffff, 0xffff, 0xffff, 0xffff, 0xffff, 0xffff, 0xffff, 0xffff, 0xffff, 0xffff, 0xffff, 0xffff, 0xffff, 
	0xffff, 0xffff, 0xffff, 0xffff, 0xffff, 0xffff, 0xffff, 0xffff, 0xffff, 0xffff, 0xffff, 0xffff, 0xffff, 0xffff, 0xffff, 0xffff, 
	0xffff, 0xffff, 0xffff, 0xffff, 0xffff, 0xffff, 0xffff, 0xffff, 0xffff, 0xffff, 0xffff, 0xffff, 0xffff, 0xffff, 0xffff, 0xffff, 
	0xffff, 0xffff, 0xffff, 0xffff, 0xffff, 0xffff, 0xffff, 0xffff, 0xffff, 0xffff, 0xffff, 0xffff, 0xffff, 0xffff, 0xffff, 0xffff, 
	0xffff, 0xffff, 0xffff, 0xffff, 0xffff, 0xffff, 0xffff, 0xffff, 0xffff, 0xffff, 0xffff, 0xffff, 0xffff, 0xffff, 0xffff, 0xeffb, 
	0x7d6c, 0x5485, 0x5484, 0x6d46, 0x8e0a, 0xb6b0, 0xeffa, 0xf7fc, 0xe7f9, 0xeffa, 0xf7fc, 0xffff, 0xffff, 0xffff, 0xffff, 0xfffe, 
	0xfffe, 0xfffe, 0xffff, 0xffff, 0xffff, 0xf7fe, 0x8d70, 0x3324, 0x4425, 0x5d08, 0x4427, 0x3b66, 0x4b88, 0x3aa6, 0x8d11, 0xf7fe, 
	0x7ccf, 0x3b06, 0x64a8, 0x4c05, 0x3b66, 0x4367, 0x4b48, 0x9531, 0xd6fa, 0xffff, 0xffff, 0xffff, 0xffff, 0xffff, 0xffff, 0xffff, 
	0xffff, 0xffff, 0xffff, 0xffff, 0xffff, 0xffff, 0xffff, 0xffff, 0xffff, 0xffff, 0xffff, 0xffff, 0xffff, 0xffff, 0xffff, 0xffff, 
	0xffff, 0xffff, 0xffff, 0xffff, 0xffff, 0xffff, 0xffff, 0xffff, 0xffff, 0xffff, 0xffff, 0xffff, 0xffff, 0xffff, 0xffff, 0xffff, 
	0xffff, 0xffff, 0xffff, 0xffff, 0xffff, 0xffff, 0xffff, 0xffff, 0xffff, 0xffff, 0xffff, 0xffff, 0xffff, 0xffff, 0xffff, 0xffff, 
	0xffff, 0xffff, 0xffff, 0xffff, 0xffff, 0xffff, 0xffff, 0xffff, 0xffff, 0xffff, 0xffff, 0xffff, 0xffff, 0xffff, 0xffff, 0xffff, 
	0xffff, 0xffff, 0xffff, 0xffff, 0xffff, 0xffff, 0xffff, 0xffff, 0xffff, 0xffff, 0xffff, 0xffff, 0xffff, 0xffff, 0xffff, 0xffff, 
	0xffff, 0xffff, 0xffff, 0xffff, 0xffff, 0xffff, 0xffff, 0xffff, 0xffff, 0xffff, 0xffff, 0xffff, 0xffff, 0xffff, 0xffff, 0xffff, 
	0xffff, 0xffff, 0xffff, 0xffff, 0xffff, 0xffff, 0xffff, 0xffff, 0xffff, 0xffff, 0xffff, 0xffff, 0xffff, 0xffff, 0xffff, 0xffff, 
	0xffff, 0xffff, 0xffff, 0xffff, 0xffff, 0xffff, 0xffff, 0xffff, 0xffff, 0xffff, 0xffff, 0xffff, 0xffff, 0xffff, 0xffff, 0xffff, 
	0xffff, 0xffff, 0xffff, 0xffff, 0xffff, 0xffff, 0xffff, 0xffff, 0xffff, 0xffff, 0xffff, 0xffff, 0xffff, 0xffff, 0xffff, 0xffff, 
	0xffff, 0xffff, 0xffff, 0xffff, 0xffff, 0xffff, 0xffff, 0xffff, 0xffff, 0xffff, 0xffff, 0xffff, 0xffff, 0xffff, 0xffff, 0xffff, 
	0xffff, 0xffff, 0xffff, 0xffff, 0xffff, 0xffff, 0xffff, 0xffff, 0xffff, 0xffff, 0xffff, 0xffff, 0xffff, 0xffff, 0xffff, 0xffff, 
	0xffff, 0xffff, 0xffff, 0xffff, 0xffff, 0xffff, 0xffff, 0xffff, 0xffff, 0xffff, 0xffff, 0xffde, 0xffde, 0xffff, 0xffde, 0xfffe, 
	0xbef6, 0x6cca, 0x5486, 0x5ce5, 0x8e49, 0x962b, 0xc714, 0xeffb, 0xfffd, 0xfffe, 0xfffe, 0xf7fe, 0xf7fe, 0xffff, 0xffff, 0xffff, 
	0xffff, 0xffff, 0xffff, 0xffff, 0xffff, 0xf7ff, 0x8d51, 0x3b06, 0x5468, 0x4406, 0x3b85, 0x4388, 0x4307, 0x84af, 0xced9, 0xffff, 
	0x84f0, 0x4327, 0x648a, 0x4386, 0x4b88, 0x3ae7, 0x6c0c, 0xe7bb, 0xffff, 0xffff, 0xffff, 0xffff, 0xffff, 0xffff, 0xffff, 0xffff, 
	0xffff, 0xffff, 0xffff, 0xffff, 0xffff, 0xffff, 0xffff, 0xffff, 0xffff, 0xffff, 0xffff, 0xffff, 0xffff, 0xffff, 0xffff, 0xffff, 
	0xffff, 0xffff, 0xffff, 0xffff, 0xffff, 0xffff, 0xffff, 0xffff, 0xffff, 0xffff, 0xffff, 0xffff, 0xffff, 0xffff, 0xffff, 0xffff, 
	0xffff, 0xffff, 0xffff, 0xffff, 0xffff, 0xffff, 0xffff, 0xffff, 0xffff, 0xffff, 0xffff, 0xffff, 0xffff, 0xffff, 0xffff, 0xffff, 
	0xffff, 0xffff, 0xffff, 0xffff, 0xffff, 0xffff, 0xffff, 0xffff, 0xffff, 0xffff, 0xffff, 0xffff, 0xffff, 0xffff, 0xffff, 0xffff, 
	0xffff, 0xffff, 0xffff, 0xffff, 0xffff, 0xffff, 0xffff, 0xffff, 0xffff, 0xffff, 0xffff, 0xffff, 0xffff, 0xffff, 0xffff, 0xffff, 
	0xffff, 0xffff, 0xffff, 0xffff, 0xffff, 0xffff, 0xffff, 0xffff, 0xffff, 0xffff, 0xffff, 0xffff, 0xffff, 0xffff, 0xffff, 0xffff, 
	0xffff, 0xffff, 0xffff, 0xffff, 0xffff, 0xffff, 0xffff, 0xffff, 0xffff, 0xffff, 0xffff, 0xffff, 0xffff, 0xffff, 0xffff, 0xffff, 
	0xffff, 0xffff, 0xffff, 0xffff, 0xffff, 0xffff, 0xffff, 0xffff, 0xffff, 0xffff, 0xffff, 0xffff, 0xffff, 0xffff, 0xffff, 0xffff, 
	0xffff, 0xffff, 0xffff, 0xffff, 0xffff, 0xffff, 0xffff, 0xffff, 0xffff, 0xffff, 0xffff, 0xffff, 0xffff, 0xffff, 0xffff, 0xffff, 
	0xffff, 0xffff, 0xffff, 0xffff, 0xffff, 0xffff, 0xffff, 0xffff, 0xffff, 0xffff, 0xffff, 0xffff, 0xffff, 0xffff, 0xffff, 0xffff, 
	0xffff, 0xffff, 0xffff, 0xffff, 0xffff, 0xffff, 0xffff, 0xffff, 0xffff, 0xffff, 0xffff, 0xffff, 0xffff, 0xffff, 0xffff, 0xffff, 
	0xffff, 0xffff, 0xffff, 0xffff, 0xffff, 0xffff, 0xffff, 0xffff, 0xffff, 0xffff, 0xfffe, 0xfffe, 0xfffe, 0xffff, 0xffff, 0xffff, 
	0xf7fd, 0x850e, 0x5447, 0x5484, 0x75a6, 0x8e6a, 0x9e8f, 0xe7fa, 0xf7fd, 0xffff, 0xffff, 0xffff, 0xffff, 0xffff, 0xffde, 0xffff, 
	0xffff, 0xffff, 0xffff, 0xffff, 0xffff, 0xffff, 0x9532, 0x4308, 0x5c2a, 0x4366, 0x4367, 0x4327, 0x534a, 0xced9, 0xfffe, 0xffff, 
	0x74af, 0x4308, 0x4b68, 0x4b48, 0x42c8, 0x7c4f, 0xe77b, 0xfffd, 0xffff, 0xffff, 0xffff, 0xfffe, 0xffff, 0xffff, 0xffff, 0xffff, 
	0xffff, 0xffff, 0xffff, 0xffff, 0xffff, 0xffff, 0xffff, 0xffff, 0xffff, 0xffff, 0xffff, 0xffff, 0xffff, 0xffff, 0xffff, 0xffff, 
	0xffff, 0xffff, 0xffff, 0xffff, 0xffff, 0xffff, 0xffff, 0xffff, 0xffff, 0xffff, 0xffff, 0xffff, 0xffff, 0xffff, 0xffff, 0xffff, 
	0xffff, 0xffff, 0xffff, 0xffff, 0xffff, 0xffff, 0xffff, 0xffff, 0xffff, 0xffff, 0xffff, 0xffff, 0xffff, 0xffff, 0xffff, 0xffff, 
	0xffff, 0xffff, 0xffff, 0xffff, 0xffff, 0xffff, 0xffff, 0xffff, 0xffff, 0xffff, 0xffff, 0xffff, 0xffff, 0xffff, 0xffff, 0xffff, 
	0xffff, 0xffff, 0xffff, 0xffff, 0xffff, 0xffff, 0xffff, 0xffff, 0xffff, 0xffff, 0xffff, 0xffff, 0xffff, 0xffff, 0xffff, 0xffff, 
	0xffff, 0xffff, 0xffff, 0xffff, 0xffff, 0xffff, 0xffff, 0xffff, 0xffff, 0xffff, 0xffff, 0xffff, 0xffff, 0xffff, 0xffff, 0xffff, 
	0xffff, 0xffff, 0xffff, 0xffff, 0xffff, 0xffff, 0xffff, 0xffff, 0xffff, 0xffff, 0xffff, 0xffff, 0xffff, 0xffff, 0xffff, 0xffff, 
	0xffff, 0xffff, 0xffff, 0xffff, 0xffff, 0xffff, 0xffff, 0xffff, 0xffff, 0xffff, 0xffff, 0xffff, 0xffff, 0xffff, 0xffff, 0xffff, 
	0xffff, 0xffff, 0xffff, 0xffff, 0xffff, 0xffff, 0xffff, 0xffff, 0xffff, 0xffff, 0xffff, 0xffff, 0xffff, 0xffff, 0xffff, 0xffff, 
	0xffff, 0xffff, 0xffff, 0xffff, 0xffff, 0xffff, 0xffff, 0xffff, 0xffff, 0xffff, 0xffff, 0xffff, 0xffff, 0xffff, 0xffff, 0xffff, 
	0xffff, 0xffff, 0xffff, 0xffff, 0xffff, 0xffff, 0xffff, 0xffff, 0xffff, 0xffff, 0xffff, 0xffff, 0xffff, 0xffff, 0xffff, 0xffff, 
	0xffff, 0xffff, 0xffff, 0xffff, 0xffff, 0xffff, 0xffff, 0xffff, 0xffff, 0xffff, 0xfffe, 0xfffe, 0xfffe, 0xfffd, 0xffff, 0xfffe, 
	0xf7fe, 0xdf79, 0x6489, 0x5485, 0x5d05, 0x864a, 0x8e6c, 0xa6b0, 0xeffb, 0xfffe, 0xffff, 0xffde, 0xf7ff, 0xffff, 0xffff, 0xffff, 
	0xfffe, 0xffff, 0xffff, 0xffdf, 0xffff, 0xffff, 0x9d34, 0x3a88, 0x4b49, 0x4307, 0x4b28, 0x63cb, 0xd719, 0xfffe, 0xffff, 0xffff, 
	0x84f0, 0x3ac8, 0x4b09, 0x4b08, 0x42c9, 0xb636, 0xf7fd, 0xf7fc, 0xf7fd, 0xf7fd, 0xf7fd, 0xf7fd, 0xfffe, 0xf7fe, 0xffff, 0xffff, 
	0xffff, 0xffff, 0xfffe, 0xfffe, 0xfffe, 0xffff, 0xffff, 0xffff, 0xffff, 0xffff, 0xffff, 0xffff, 0xffff, 0xffff, 0xffff, 0xffff, 
	0xffff, 0xffff, 0xffff, 0xffff, 0xffff, 0xffff, 0xffff, 0xffff, 0xffff, 0xffff, 0xffff, 0xffff, 0xffff, 0xffff, 0xffff, 0xffff, 
	0xffff, 0xffff, 0xffff, 0xffff, 0xffff, 0xffff, 0xffff, 0xffff, 0xffff, 0xffff, 0xffff, 0xffff, 0xffff, 0xffff, 0xffff, 0xffff, 
	0xffff, 0xffff, 0xffff, 0xffff, 0xffff, 0xffff, 0xffff, 0xffff, 0xffff, 0xffff, 0xffff, 0xffff, 0xffff, 0xffff, 0xffff, 0xffff, 
	0xffff, 0xffff, 0xffff, 0xffff, 0xffff, 0xffff, 0xffff, 0xffff, 0xffff, 0xffff, 0xffff, 0xffff, 0xffff, 0xffff, 0xffff, 0xffff, 
	0xffff, 0xffff, 0xffff, 0xffff, 0xffff, 0xffff, 0xffff, 0xffff, 0xffff, 0xffff, 0xffff, 0xffff, 0xffff, 0xffff, 0xffff, 0xffff, 
	0xffff, 0xffff, 0xffff, 0xffff, 0xffff, 0xffff, 0xffff, 0xffff, 0xffff, 0xffff, 0xffff, 0xffff, 0xffff, 0xffff, 0xffff, 0xffff, 
	0xffff, 0xffff, 0xffff, 0xffff, 0xffff, 0xffff, 0xffff, 0xffff, 0xffff, 0xffff, 0xffff, 0xffff, 0xffff, 0xffff, 0xffff, 0xffff, 
	0xffff, 0xffff, 0xffff, 0xffff, 0xffff, 0xffff, 0xffff, 0xffff, 0xffff, 0xffff, 0xffff, 0xffff, 0xffff, 0xffff, 0xffff, 0xffff, 
	0xffff, 0xffff, 0xffff, 0xffff, 0xffff, 0xffff, 0xffff, 0xffff, 0xffff, 0xffff, 0xffff, 0xffff, 0xffff, 0xffff, 0xfffe, 0xfffe, 
	0xfffe, 0xfffe, 0xfffe, 0xfffe, 0xfffe, 0xfffe, 0xfffe, 0xfffe, 0xfffe, 0xfffe, 0xfffe, 0xffff, 0xffff, 0xffff, 0xffff, 0xffff, 
	0xffff, 0xffff, 0xffff, 0xffff, 0xffff, 0xffff, 0xffff, 0xffff, 0xffdf, 0xffff, 0xffff, 0xfffe, 0xfffe, 0xfffe, 0xffff, 0xffff, 
	0xffff, 0xf7fd, 0xa611, 0x5447, 0x4c85, 0x6587, 0x868a, 0x964c, 0xdfb7, 0xf7fd, 0xffde, 0xffff, 0xf7fe, 0xf7fe, 0xefdc, 0xf7fc, 
	0xfffd, 0xfffd, 0xffff, 0xffff, 0xffff, 0xffff, 0x9d13, 0x4aa9, 0x4ae9, 0x4b09, 0x3a87, 0xadf4, 0xf7fd, 0xf7fc, 0xf7fd, 0xf7fd, 
	0x84b0, 0x42a8, 0x4b09, 0x4b09, 0x3aa7, 0x9db2, 0x9e11, 0x7d0c, 0x854e, 0x852e, 0x8d2e, 0x8d0f, 0xb615, 0xfffe, 0xffff, 0xffff, 
	0xffff, 0xffff, 0xffff, 0xfffe, 0xffff, 0xffff, 0xffff, 0xffff, 0xffff, 0xffff, 0xffff, 0xffff, 0xffff, 0xffff, 0xffff, 0xffff, 
	0xffff, 0xffff, 0xffff, 0xffff, 0xffff, 0xffff, 0xffff, 0xffff, 0xffff, 0xffff, 0xffff, 0xffff, 0xffff, 0xffff, 0xffff, 0xffff, 
	0xffff, 0xffff, 0xffff, 0xffff, 0xffff, 0xffff, 0xffff, 0xffff, 0xffff, 0xffff, 0xffff, 0xffff, 0xffff, 0xffff, 0xffff, 0xffff, 
	0xffff, 0xffff, 0xffff, 0xffff, 0xffff, 0xffff, 0xffff, 0xffff, 0xffff, 0xffff, 0xffff, 0xffff, 0xffff, 0xffff, 0xffff, 0xffff, 
	0xffff, 0xffff, 0xffff, 0xffff, 0xffff, 0xffff, 0xffff, 0xffff, 0xffff, 0xffff, 0xffff, 0xffff, 0xffff, 0xffff, 0xffff, 0xffff, 
	0xffff, 0xffff, 0xffff, 0xffff, 0xffff, 0xffff, 0xffff, 0xffff, 0xffff, 0xffff, 0xffff, 0xffff, 0xffff, 0xffff, 0xffff, 0xffff, 
	0xffff, 0xffff, 0xffff, 0xffff, 0xffff, 0xffff, 0xffff, 0xffff, 0xffff, 0xffff, 0xffff, 0xffff, 0xffff, 0xffff, 0xffff, 0xffff, 
	0xffff, 0xffff, 0xffff, 0xffff, 0xffff, 0xffff, 0xffff, 0xffff, 0xffff, 0xffff, 0xffff, 0xffff, 0xffff, 0xffff, 0xffff, 0xffff, 
	0xffff, 0xffff, 0xffff, 0xffff, 0xffff, 0xffff, 0xffff, 0xffff, 0xffff, 0xffff, 0xffff, 0xffff, 0xffff, 0xffff, 0xffff, 0xffff, 
	0xffff, 0xffff, 0xffff, 0xffff, 0xffff, 0xffff, 0xffff, 0xffff, 0xffdf, 0xffff, 0xfffe, 0xfffe, 0xfffd, 0xf7fc, 0xeffb, 0xeffb, 
	0xeffb, 0xf7fb, 0xd777, 0xb693, 0xcf34, 0xc6f3, 0xdf97, 0xf7fb, 0xf7fc, 0xf7fd, 0xf7fe, 0xffff, 0xffff, 0xffff, 0xffdf, 0xffff, 
	0xffff, 0xffff, 0xffff, 0xffff, 0xffff, 0xffff, 0xfffe, 0xffff, 0xffdf, 0xc618, 0xe71c, 0xffff, 0xfffe, 0xffde, 0xffff, 0xffff, 
	0xffdf, 0xffff, 0xeffb, 0x8d8e, 0x5466, 0x4ca4, 0x65a6, 0x8e4a, 0xa68f, 0xe7d8, 0xfffd, 0xfffe, 0xf7fe, 0xbeb6, 0x958f, 0xae51, 
	0xd758, 0xfffd, 0xffff, 0xffdf, 0xffff, 0xffff, 0x9d32, 0x42a8, 0x4ae9, 0x4b2a, 0x3aa7, 0x9dd2, 0xae73, 0x852d, 0x7d2d, 0x7d2d, 
	0x7c6f, 0x4aa8, 0x530a, 0x4ae8, 0x4308, 0x5c0a, 0x6469, 0x5407, 0x5408, 0x5c09, 0x642a, 0xbeb6, 0xdf5a, 0xfffe, 0xffff, 0xffde, 
	0xffff, 0xffff, 0xffff, 0xffff, 0xffff, 0xffff, 0xffff, 0xffff, 0xffff, 0xffff, 0xffff, 0xffff, 0xffdf, 0xffff, 0xffde, 0xfffe, 
	0xffff, 0xffff, 0xffff, 0xffff, 0xffff, 0xffff, 0xffff, 0xffff, 0xffff, 0xffff, 0xffff, 0xffff, 0xffff, 0xffff, 0xffff, 0xffff, 
	0xffff, 0xffff, 0xffff, 0xffff, 0xffff, 0xffff, 0xffff, 0xffff, 0xffff, 0xffff, 0xffff, 0xffff, 0xffff, 0xffff, 0xffff, 0xffff, 
	0xffff, 0xffff, 0xffff, 0xffff, 0xffff, 0xffff, 0xffff, 0xffff, 0xffff, 0xffff, 0xffff, 0xffff, 0xffff, 0xffff, 0xffff, 0xffff, 
	0xffff, 0xffff, 0xffff, 0xffff, 0xffff, 0xffff, 0xffff, 0xffff, 0xffff, 0xffff, 0xffff, 0xffff, 0xffff, 0xffff, 0xffff, 0xffff, 
	0xffff, 0xffff, 0xffff, 0xffff, 0xffff, 0xffff, 0xffff, 0xffff, 0xffff, 0xffff, 0xffff, 0xffff, 0xffff, 0xffff, 0xffff, 0xffff, 
	0xffff, 0xffff, 0xffff, 0xffff, 0xffff, 0xffff, 0xffff, 0xffff, 0xffff, 0xffff, 0xffff, 0xffff, 0xffff, 0xffff, 0xffff, 0xffff, 
	0xffff, 0xffff, 0xffff, 0xffff, 0xffff, 0xffff, 0xffff, 0xffff, 0xffff, 0xffff, 0xffff, 0xffff, 0xffff, 0xffff, 0xffff, 0xffff, 
	0xffff, 0xffff, 0xffff, 0xffff, 0xffff, 0xffff, 0xffff, 0xffff, 0xffff, 0xffff, 0xffff, 0xffff, 0xffff, 0xffff, 0xffff, 0xffff, 
	0xffff, 0xffff, 0xffff, 0xffff, 0xffff, 0xffff, 0xffff, 0xffff, 0xffff, 0xffff, 0xf7fe, 0xf7fd, 0xf7fb, 0xdf98, 0xb672, 0xae71, 
	0xae91, 0xcf95, 0xc773, 0x9e4d, 0x960b, 0x960c, 0x9e6d, 0xaeb0, 0xb6b2, 0xbeb4, 0xeffb, 0xf7fd, 0xfffe, 0xffff, 0xffff, 0xffff, 
	0xffff, 0xffff, 0xffff, 0xffff, 0xffff, 0xfffe, 0xffff, 0xffff, 0xffff, 0xd6bb, 0x9cd3, 0xffff, 0xf7de, 0xffff, 0xffff, 0xffff, 
	0xffff, 0xf7de, 0xfffe, 0xb654, 0x5407, 0x5486, 0x5d45, 0x866a, 0x8e2b, 0xc733, 0xfffc, 0xfffd, 0xd759, 0x53c8, 0x5c47, 0x8dcc, 
	0xa650, 0xeffa, 0xf7fd, 0xfffe, 0xffff, 0xffff, 0x9d12, 0x42a8, 0x4b0a, 0x42e8, 0x4308, 0x5bc9, 0x6c8a, 0x5c28, 0x5c28, 0x4c07, 
	0x7c90, 0x4ae9, 0x4ae9, 0x4b09, 0x4b48, 0x53e9, 0x5408, 0x4365, 0x4346, 0x4306, 0xa5d3, 0xf7fe, 0xffff, 0xffde, 0xffff, 0xffff, 
	0xffff, 0xffff, 0xffff, 0xffdf, 0xffdf, 0xffff, 0xffdf, 0xffdf, 0xffff, 0xffff, 0xffff, 0xffff, 0xffff, 0xffff, 0xfffe, 0xfffe, 
	0xffff, 0xffff, 0xffff, 0xffff, 0xffff, 0xffff, 0xffff, 0xffff, 0xffff, 0xffff, 0xffff, 0xffff, 0xffff, 0xffff, 0xffff, 0xffff, 
	0xffff, 0xffff, 0xffff, 0xffff, 0xffff, 0xffff, 0xffff, 0xffff, 0xffff, 0xffff, 0xffff, 0xffff, 0xffff, 0xffff, 0xffff, 0xffff, 
	0xffff, 0xffff, 0xffff, 0xffff, 0xffff, 0xffff, 0xffff, 0xffff, 0xffff, 0xffff, 0xffff, 0xffff, 0xffff, 0xffff, 0xffff, 0xffff, 
	0xffff, 0xffff, 0xffff, 0xffff, 0xffff, 0xffff, 0xffff, 0xffff, 0xffff, 0xffff, 0xffff, 0xffff, 0xffff, 0xffff, 0xffff, 0xffff, 
	0xffff, 0xffff, 0xffff, 0xffff, 0xffff, 0xffff, 0xffff, 0xffff, 0xffff, 0xffff, 0xffff, 0xffff, 0xffff, 0xffff, 0xffff, 0xffff, 
	0xffff, 0xffff, 0xffff, 0xffff, 0xffff, 0xffff, 0xffff, 0xffff, 0xffff, 0xffff, 0xffff, 0xffff, 0xffff, 0xffff, 0xffff, 0xffff, 
	0xffff, 0xffff, 0xffff, 0xffff, 0xffff, 0xffff, 0xffff, 0xffff, 0xffff, 0xffff, 0xffff, 0xffff, 0xffff, 0xffff, 0xffff, 0xffff, 
	0xffff, 0xffff, 0xffff, 0xffff, 0xffff, 0xffff, 0xffff, 0xffff, 0xffff, 0xffff, 0xffff, 0xffff, 0xffff, 0xffff, 0xffff, 0xffff, 
	0xffff, 0xffff, 0xffff, 0xffff, 0xffff, 0xffff, 0xffff, 0xffff, 0xffdf, 0xffff, 0xfffe, 0xd739, 0x8d2f, 0x6c4a, 0x6c48, 0x8dcd, 
	0x962c, 0x9e8d, 0xa6cd, 0x9ecd, 0x8e29, 0x8609, 0x8e49, 0x8e4a, 0x8e2a, 0x8e0c, 0xb6d1, 0xe7f8, 0xeffb, 0xfffd, 0xf7bd, 0xffdf, 
	0xffdf, 0xffff, 0xffff, 0xffdf, 0xffff, 0xffff, 0xffff, 0xffff, 0xffff, 0xffdf, 0xad76, 0xd67a, 0xffff, 0xffff, 0xffdf, 0xffff, 
	0xffff, 0xffff, 0xf7de, 0xf7fd, 0xa612, 0x53e6, 0x54a5, 0x6567, 0x6da7, 0x9e8e, 0xdff8, 0xcf37, 0x5c0a, 0x3b45, 0x4c25, 0x7dc9, 
	0x966c, 0xa66e, 0xe7f8, 0xfffc, 0xffde, 0xffff, 0x9d33, 0x4288, 0x42e9, 0x4328, 0x4b88, 0x5c08, 0x5c28, 0x4346, 0x4367, 0x4388, 
	0x7c6f, 0x42c8, 0x4b09, 0x4b28, 0x644b, 0x53c9, 0x4326, 0x53a8, 0x42e6, 0x8cf0, 0xf7fd, 0xffff, 0xffdf, 0xffdf, 0xffff, 0xffff, 
	0xffff, 0xffff, 0xffff, 0xffff, 0xffdf, 0xffff, 0xffff, 0xffff, 0xffff, 0xffde, 0xfffe, 0xfffe, 0xfffe, 0xfffe, 0xfffd, 0xfffe, 
	0xffff, 0xffff, 0xffff, 0xffff, 0xffff, 0xffff, 0xffff, 0xffff, 0xffff, 0xffff, 0xffff, 0xffff, 0xffff, 0xffff, 0xffff, 0xffff, 
	0xffff, 0xffff, 0xffff, 0xffff, 0xffff, 0xffff, 0xffff, 0xffff, 0xffff, 0xffff, 0xffff, 0xffff, 0xffff, 0xffff, 0xffff, 0xffff, 
	0xffff, 0xffff, 0xffff, 0xffff, 0xffff, 0xffff, 0xffff, 0xffff, 0xffff, 0xffff, 0xffff, 0xffff, 0xffff, 0xffff, 0xffff, 0xffff, 
	0xffff, 0xffff, 0xffff, 0xffff, 0xffff, 0xffff, 0xffff, 0xffff, 0xffff, 0xffff, 0xffff, 0xffff, 0xffff, 0xffff, 0xffff, 0xffff, 
	0xffff, 0xffff, 0xffff, 0xffff, 0xffff, 0xffff, 0xffff, 0xffff, 0xffff, 0xffff, 0xffff, 0xffff, 0xffff, 0xffff, 0xffff, 0xffff, 
	0xffff, 0xffff, 0xffff, 0xffff, 0xffff, 0xffff, 0xffff, 0xffff, 0xffff, 0xffff, 0xffff, 0xffff, 0xffff, 0xffff, 0xffff, 0xffff, 
	0xffff, 0xffff, 0xffff, 0xffff, 0xffff, 0xffff, 0xffff, 0xffff, 0xffff, 0xffff, 0xffff, 0xffff, 0xffff, 0xffff, 0xffff, 0xffff, 
	0xffff, 0xffff, 0xffff, 0xffff, 0xffff, 0xffff, 0xffff, 0xffff, 0xffff, 0xffff, 0xffff, 0xffff, 0xffff, 0xffff, 0xffff, 0xffff, 
	0xffff, 0xffff, 0xffff, 0xffff, 0xffff, 0xffff, 0xffff, 0xffff, 0xffff, 0xffff, 0xffff, 0xdf3a, 0x9d71, 0x8d0e, 0x958f, 0xae71, 
	0xae90, 0x856a, 0x6d08, 0x7d89, 0x5cc5, 0x5484, 0x7dc8, 0x75a8, 0x7da8, 0x85ca, 0x8dcb, 0x8d8d, 0xcf16, 0xf7fb, 0xf7fd, 0xffff, 
	0xffff, 0xffdf, 0xffff, 0xffdf, 0xffff, 0xffff, 0xffde, 0xffff, 0xffff, 0xffff, 0xef7d, 0x9492, 0xd6ba, 0xffff, 0xffff, 0xffff, 
	0xffff, 0xffde, 0xffff, 0xffff, 0xefbb, 0x850d, 0x43e5, 0x5d27, 0x5525, 0x5d27, 0xaf12, 0x750d, 0x3b85, 0x43e6, 0x4404, 0x7e09, 
	0x8e89, 0x8e4a, 0xa66e, 0xe7f8, 0xfffd, 0xffff, 0x9d13, 0x42a8, 0x4308, 0x4307, 0x53c8, 0x5c09, 0x4b46, 0x3ae6, 0x3ae7, 0xa614, 
	0x7c8f, 0x42a7, 0x4b08, 0x5bca, 0x5bea, 0x4347, 0x4b07, 0x3a86, 0x84af, 0xefbc, 0xf7fe, 0xffff, 0xffdf, 0xffff, 0xf7be, 0xffff, 
	0xffff, 0xfffe, 0xfffe, 0xffff, 0xffff, 0xffdf, 0xffdf, 0xffdf, 0xf7de, 0xfffe, 0xcef8, 0xa5b2, 0xadf3, 0xadd3, 0xbe15, 0xef9c, 
	0xffff, 0xffff, 0xffff, 0xffff, 0xffff, 0xffff, 0xffff, 0xffff, 0xffff, 0xffff, 0xffff, 0xffff, 0xffff, 0xffff, 0xffff, 0xffff, 
	0xffff, 0xffff, 0xffff, 0xffff, 0xffff, 0xffff, 0xffff, 0xffff, 0xffff, 0xffff, 0xffff, 0xffff, 0xffff, 0xffff, 0xffff, 0xffff, 
	0xffff, 0xffff, 0xffff, 0xffff, 0xffff, 0xffff, 0xffff, 0xffff, 0xffff, 0xffff, 0xffff, 0xffff, 0xffff, 0xffff, 0xffff, 0xffff, 
	0xffff, 0xffff, 0xffff, 0xffff, 0xffff, 0xffff, 0xffff, 0xffff, 0xffff, 0xffff, 0xffff, 0xffff, 0xffff, 0xffff, 0xffff, 0xffff, 
	0xffff, 0xffff, 0xffff, 0xffff, 0xffff, 0xffff, 0xffff, 0xffff, 0xffff, 0xffff, 0xffff, 0xffff, 0xffff, 0xffff, 0xffff, 0xffff, 
	0xffff, 0xffff, 0xffff, 0xffff, 0xffff, 0xffff, 0xffff, 0xffff, 0xffff, 0xffff, 0xffff, 0xffff, 0xffff, 0xffff, 0xffff, 0xffff, 
	0xffff, 0xffff, 0xffff, 0xffff, 0xffff, 0xffff, 0xffff, 0xffff, 0xffff, 0xffff, 0xffff, 0xffff, 0xffff, 0xffff, 0xffff, 0xffff, 
	0xffff, 0xffff, 0xffff, 0xffff, 0xffff, 0xffff, 0xffff, 0xffff, 0xffff, 0xffff, 0xffff, 0xffff, 0xffff, 0xffff, 0xffff, 0xffff, 
	0xffff, 0xffff, 0xffff, 0xffff, 0xffff, 0xffff, 0xffff, 0xffff, 0xffff, 0xffff, 0xffdf, 0xffff, 0xffff, 0xffff, 0xfffe, 0xf7fd, 
	0xeffb, 0xbe94, 0xb694, 0x8d4f, 0x5be8, 0x5c29, 0x5c28, 0x6468, 0x5c68, 0x5c47, 0x5c28, 0x6449, 0x6c6a, 0x74ac, 0xdfb9, 0xeffc, 
	0xf7fd, 0xfffe, 0xfffe, 0xffff, 0xffff, 0xffdf, 0xffff, 0xffff, 0xffff, 0xffde, 0xffff, 0x94b2, 0x6bad, 0xe77b, 0xfffe, 0xf7fe, 
	0xffff, 0xffdf, 0xfffe, 0xfffe, 0xfffe, 0xeffb, 0x5448, 0x4ca6, 0x5505, 0x4cc5, 0x8e4e, 0x64eb, 0x4c07, 0x5467, 0x3c03, 0x6587, 
	0x7e28, 0x8e8a, 0x8e0a, 0xb711, 0xf7fc, 0xffff, 0x94f3, 0x4288, 0x4b08, 0x4b69, 0x640a, 0x4b27, 0x4ae8, 0x42c8, 0x9d73, 0xefdd, 
	0x848f, 0x42c7, 0x5328, 0x4b28, 0x4307, 0x4328, 0x3a87, 0x846f, 0xefdd, 0xbe77, 0x9d73, 0xd73b, 0xf7fe, 0xffde, 0xffde, 0xffff, 
	0xffff, 0xffff, 0xffff, 0xfffe, 0xfffe, 0xfffe, 0xfffe, 0xf7fd, 0xf7fc, 0xbeb4, 0x5387, 0x63e8, 0x63c9, 0x742c, 0xced8, 0xf7de, 
	0xffff, 0xffff, 0xffff, 0xffff, 0xffff, 0xffff, 0xffff, 0xffff, 0xffff, 0xffff, 0xffff, 0xffff, 0xffff, 0xffff, 0xffff, 0xffff, 
	0xffff, 0xffff, 0xffff, 0xffff, 0xffff, 0xffff, 0xffff, 0xffff, 0xffff, 0xffff, 0xffff, 0xffff, 0xffff, 0xffff, 0xffff, 0xffff, 
	0xffff, 0xffff, 0xffff, 0xffff, 0xffff, 0xffff, 0xffff, 0xffff, 0xffff, 0xffff, 0xffff, 0xffff, 0xffff, 0xffff, 0xffff, 0xffff, 
	0xffff, 0xffff, 0xffff, 0xffff, 0xffff, 0xffff, 0xffff, 0xffff, 0xffff, 0xffff, 0xffff, 0xffff, 0xffff, 0xffff, 0xffff, 0xffff, 
	0xffff, 0xffff, 0xffff, 0xffff, 0xffff, 0xffff, 0xffff, 0xffff, 0xffff, 0xffff, 0xffff, 0xffff, 0xffff, 0xffff, 0xffff, 0xffff, 
	0xffff, 0xffff, 0xffff, 0xffff, 0xffff, 0xffff, 0xffff, 0xffff, 0xffff, 0xffff, 0xffff, 0xffff, 0xffff, 0xffff, 0xffff, 0xffff, 
	0xffff, 0xffff, 0xffff, 0xffff, 0xffff, 0xffff, 0xffff, 0xffff, 0xffff, 0xffff, 0xffff, 0xffff, 0xffff, 0xffff, 0xffff, 0xffff, 
	0xffff, 0xffff, 0xffff, 0xffff, 0xffff, 0xffff, 0xffff, 0xffff, 0xffff, 0xffff, 0xffff, 0xffff, 0xffff, 0xffff, 0xffff, 0xffff, 
	0xffff, 0xffff, 0xffff, 0xffff, 0xffff, 0xffff, 0xffff, 0xffff, 0xffff, 0xffff, 0xffff, 0xffff, 0xffff, 0xf7df, 0xffff, 0xffff, 
	0xffff, 0xfffe, 0xfffe, 0xf7fd, 0xdf5a, 0xdf9a, 0xd779, 0xd799, 0xd778, 0xd7b9, 0xd798, 0xbef5, 0x9590, 0x7cad, 0x850f, 0xae34, 
	0xbe75, 0xf7fc, 0xf7fc, 0xfffe, 0xffff, 0xffff, 0xffff, 0xffdf, 0xfffe, 0xffff, 0xffff, 0xefdd, 0x7c4e, 0x740d, 0x744d, 0xb655, 
	0xf7fe, 0xf7fe, 0xf7fd, 0xf7fc, 0xf7fd, 0xd739, 0x750d, 0x4c67, 0x4cc6, 0x4cc6, 0x7e0e, 0x5cea, 0x4c27, 0x5466, 0x33c3, 0x54a5, 
	0x6546, 0x8e89, 0x8e8a, 0x962b, 0xdfd8, 0xf7fd, 0x9d13, 0x4268, 0x42e8, 0x4b28, 0x4b28, 0x4b08, 0x3a67, 0x94d1, 0xffff, 0xd6ba, 
	0x7c6f, 0x42a8, 0x4b29, 0x42c8, 0x4308, 0x3a87, 0x7c2f, 0xf7de, 0xfffe, 0xa5d4, 0x4328, 0x6c4d, 0xd75a, 0xf7fe, 0xffff, 0xffde, 
	0xffff, 0xffdf, 0xffdf, 0xffff, 0xf7fe, 0xcf38, 0xae73, 0x7d0b, 0x750a, 0x6cc8, 0x64a8, 0x95ce, 0xae32, 0xd718, 0xfffe, 0xffff, 
	0xffff, 0xffff, 0xffff, 0xffff, 0xffff, 0xffff, 0xffff, 0xffff, 0xffff, 0xffff, 0xffff, 0xffff, 0xffff, 0xffff, 0xffff, 0xffff, 
	0xffff, 0xffff, 0xffff, 0xffff, 0xffff, 0xffff, 0xffff, 0xffff, 0xffff, 0xffff, 0xffff, 0xffff, 0xffff, 0xffff, 0xffff, 0xffff, 
	0xffff, 0xffff, 0xffff, 0xffff, 0xffff, 0xffff, 0xffff, 0xffff, 0xffff, 0xffff, 0xffff, 0xffff, 0xffff, 0xffff, 0xffff, 0xffff, 
	0xffff, 0xffff, 0xffff, 0xffff, 0xffff, 0xffff, 0xffff, 0xffff, 0xffff, 0xffff, 0xffff, 0xffff, 0xffff, 0xffff, 0xffff, 0xffff, 
	0xffff, 0xffff, 0xffff, 0xffff, 0xffff, 0xffff, 0xffff, 0xffff, 0xffff, 0xffff, 0xffff, 0xffff, 0xffff, 0xffff, 0xffff, 0xffff, 
	0xffff, 0xffff, 0xffff, 0xffff, 0xffff, 0xffff, 0xffff, 0xffff, 0xffff, 0xffff, 0xffff, 0xffff, 0xffff, 0xffff, 0xffff, 0xffff, 
	0xffff, 0xffff, 0xffff, 0xffff, 0xffff, 0xffff, 0xffff, 0xffff, 0xffff, 0xffff, 0xffff, 0xffff, 0xffff, 0xffff, 0xffff, 0xffff, 
	0xffff, 0xffff, 0xffff, 0xffff, 0xffff, 0xffff, 0xffff, 0xffff, 0xffff, 0xffff, 0xffff, 0xffff, 0xffff, 0xffff, 0xffff, 0xffff, 
	0xffff, 0xffff, 0xffff, 0xffff, 0xffff, 0xffff, 0xffff, 0xffff, 0xffff, 0xffff, 0xffde, 0xffff, 0xfffe, 0xffff, 0xffff, 0xffde, 
	0xffff, 0xffff, 0xffde, 0xfffe, 0xfffe, 0xfffe, 0xfffe, 0xfffe, 0xfffe, 0xfffe, 0xfffe, 0xfffe, 0xf7fd, 0xdf59, 0xae14, 0xadf2, 
	0x9db0, 0xd735, 0xdf98, 0xf7fc, 0xffff, 0xf7df, 0xffdf, 0xffff, 0xd6fa, 0xb5f6, 0xadd5, 0xbe57, 0x742d, 0x3ac7, 0x42e6, 0x5c0a, 
	0x854f, 0x7d2d, 0x74cb, 0xa611, 0xdfba, 0x8d10, 0x95d1, 0x648a, 0x5ce7, 0x4445, 0x64eb, 0x752c, 0x4c06, 0x5ca8, 0x3bc5, 0x4c26, 
	0x5cc6, 0x6526, 0x8ea9, 0x968b, 0xa690, 0xeffc, 0x9531, 0x4268, 0x4b09, 0x42c8, 0x42c8, 0x42c8, 0x8cb1, 0xef9d, 0xffff, 0xdefa, 
	0x8490, 0x42a8, 0x4b09, 0x42e9, 0x3a88, 0x744f, 0xefbe, 0xffff, 0xfffe, 0xdf7b, 0x6c4d, 0x4b69, 0x9592, 0xf7fe, 0xffff, 0xffff, 
	0xffff, 0xfffe, 0xffff, 0xf7fe, 0xb6b5, 0x5409, 0x4be6, 0x4c05, 0x6d28, 0x85cb, 0x85ac, 0xaeb2, 0xeffb, 0xf7fd, 0xffff, 0xffff, 
	0xffff, 0xffff, 0xffff, 0xffff, 0xffff, 0xffff, 0xffff, 0xffff, 0xffff, 0xffff, 0xffff, 0xffff, 0xffff, 0xffff, 0xffff, 0xffff, 
	0xffff, 0xffff, 0xffff, 0xffff, 0xffff, 0xffff, 0xffff, 0xffff, 0xffff, 0xffff, 0xffff, 0xffff, 0xffff, 0xffff, 0xffff, 0xffff, 
	0xffff, 0xffff, 0xffff, 0xffff, 0xffff, 0xffff, 0xffff, 0xffff, 0xffff, 0xffff, 0xffff, 0xffff, 0xffff, 0xffff, 0xffff, 0xffff, 
	0xffff, 0xffff, 0xffff, 0xffff, 0xffff, 0xffff, 0xffff, 0xffff, 0xffff, 0xffff, 0xffff, 0xffff, 0xffff, 0xffff, 0xffff, 0xffff, 
	0xffff, 0xffff, 0xffff, 0xffff, 0xffff, 0xffff, 0xffff, 0xffff, 0xffff, 0xffff, 0xffff, 0xffff, 0xffff, 0xffff, 0xffff, 0xffff, 
	0xffff, 0xffff, 0xffff, 0xffff, 0xffff, 0xffff, 0xffff, 0xffff, 0xffff, 0xffff, 0xffff, 0xffff, 0xffff, 0xffff, 0xffff, 0xffff, 
	0xffff, 0xffff, 0xffff, 0xffff, 0xffff, 0xffff, 0xffff, 0xffff, 0xffff, 0xffff, 0xffff, 0xffff, 0xffff, 0xffff, 0xffff, 0xffff, 
	0xffff, 0xffff, 0xffff, 0xffff, 0xffff, 0xffff, 0xffff, 0xffff, 0xffff, 0xffff, 0xffff, 0xffff, 0xffff, 0xffff, 0xffff, 0xffff, 
	0xffff, 0xffff, 0xffff, 0xffff, 0xffff, 0xffff, 0xffff, 0xffff, 0xffff, 0xffff, 0xffff, 0xffff, 0xffde, 0xffff, 0xfffe, 0xffff, 
	0xffff, 0xffff, 0xffff, 0xfffe, 0xfffe, 0xfffe, 0xffff, 0xffdf, 0xffdf, 0xffdf, 0xffff, 0xffff, 0xffff, 0xf7fe, 0xfffe, 0xf7fc, 
	0xdf97, 0xa5cf, 0xa60f, 0xd756, 0xf7fc, 0xf7fe, 0xffff, 0xffff, 0xdf1b, 0xbe37, 0xa594, 0x4288, 0x3aa7, 0x4b49, 0x4b88, 0x53e8, 
	0x43c6, 0x5447, 0x6d09, 0x960e, 0x8d8f, 0x640b, 0x748d, 0xb6f5, 0x5427, 0x5487, 0x43c6, 0x5448, 0x3bc4, 0x6d4a, 0x4c06, 0x3b84, 
	0x5445, 0x6506, 0x75c6, 0x8669, 0x9e8e, 0xe7f9, 0x9571, 0x4288, 0x42c9, 0x4ae9, 0x4288, 0x7c4f, 0xffff, 0xffff, 0xffff, 0xf7bd, 
	0x8490, 0x4288, 0x4ae9, 0x42a8, 0x8470, 0xe77c, 0xffff, 0xffff, 0xffdf, 0xffff, 0xcef8, 0x9db3, 0x84d0, 0xe79c, 0xffff, 0xffff, 
	0xfffd, 0xf7fd, 0xb654, 0x854e, 0x5c88, 0x6d4a, 0x6d8a, 0x54a6, 0x4c05, 0x5406, 0xae93, 0xdfba, 0xf7fd, 0xfffe, 0xffff, 0xffdf, 
	0xffff, 0xffff, 0xffdf, 0xffff, 0xffff, 0xffff, 0xffff, 0xffff, 0xffff, 0xffff, 0xffff, 0xffff, 0xffff, 0xffff, 0xffff, 0xffff, 
	0xffff, 0xffff, 0xffff, 0xffff, 0xffff, 0xffff, 0xffff, 0xffff, 0xffff, 0xffff, 0xffff, 0xffff, 0xffff, 0xffff, 0xffff, 0xffff, 
	0xffff, 0xffff, 0xffff, 0xffff, 0xffff, 0xffff, 0xffff, 0xffff, 0xffff, 0xffff, 0xffff, 0xffff, 0xffff, 0xffff, 0xffff, 0xffff, 
	0xffff, 0xffff, 0xffff, 0xffff, 0xffff, 0xffff, 0xffff, 0xffff, 0xffff, 0xffff, 0xffff, 0xffff, 0xffff, 0xffff, 0xffff, 0xffff, 
	0xffff, 0xffff, 0xffff, 0xffff, 0xffff, 0xffff, 0xffff, 0xffff, 0xffff, 0xffff, 0xffff, 0xffff, 0xffff, 0xffff, 0xffff, 0xffff, 
	0xffff, 0xffff, 0xffff, 0xffff, 0xffff, 0xffff, 0xffff, 0xffff, 0xffff, 0xffff, 0xffff, 0xffff, 0xffff, 0xffff, 0xffff, 0xffff, 
	0xffff, 0xffff, 0xffff, 0xffff, 0xffff, 0xffff, 0xffff, 0xffff, 0xffff, 0xffff, 0xffff, 0xffff, 0xffff, 0xffff, 0xffff, 0xffff, 
	0xffff, 0xffff, 0xffff, 0xffff, 0xffff, 0xffff, 0xffff, 0xffff, 0xffff, 0xffff, 0xffff, 0xffff, 0xffff, 0xffff, 0xffff, 0xffff, 
	0xffff, 0xffff, 0xffff, 0xffff, 0xffff, 0xffff, 0xffff, 0xffff, 0xffff, 0xffff, 0xffff, 0xffff, 0xffff, 0xffff, 0xffff, 0xffff, 
	0xffff, 0xffff, 0xffff, 0xffff, 0xffff, 0xffff, 0xffff, 0xffff, 0xffff, 0xffff, 0xffff, 0xffff, 0xffff, 0xffff, 0xffff, 0xfffe, 
	0xefdb, 0xbeb3, 0x960d, 0xa66e, 0xcf55, 0xfffc, 0xfffe, 0xfffe, 0xffff, 0xffff, 0xefde, 0xc699, 0xbe57, 0x63ec, 0x4347, 0x4ba7, 
	0x5407, 0x5c68, 0x6d08, 0x9e8e, 0x6caa, 0x8d8f, 0x8510, 0xcf58, 0x6cab, 0x5c88, 0x5ca9, 0x4406, 0x3be4, 0x64e8, 0x7d69, 0x5ca6, 
	0x4c25, 0x54a6, 0x54c4, 0x7e29, 0x964c, 0xc794, 0x8d71, 0x42a9, 0x4ac9, 0x4aa9, 0x8470, 0xf7de, 0xffff, 0xfffe, 0xffff, 0xffff, 
	0x740d, 0x4ae8, 0x42c8, 0x63cb, 0xf7fc, 0xfffe, 0xf7fe, 0xf7fe, 0xffff, 0xffde, 0xfffe, 0xf7fe, 0xdf7b, 0xefde, 0xf7df, 0xffff, 
	0xf7fc, 0x8d2f, 0x53a7, 0x64a9, 0x75cb, 0x7e0b, 0x85ec, 0x5c88, 0x6cca, 0x9dd0, 0xf7fd, 0xfffe, 0xffff, 0xffdf, 0xffff, 0xffff, 
	0xffff, 0xffff, 0xffff, 0xffff, 0xffff, 0xffff, 0xffff, 0xffff, 0xffff, 0xffff, 0xffff, 0xffff, 0xffff, 0xffff, 0xffff, 0xffff, 
	0xffff, 0xffff, 0xffff, 0xffff, 0xffff, 0xffff, 0xffff, 0xffff, 0xffff, 0xffff, 0xffff, 0xffff, 0xffff, 0xffff, 0xffff, 0xffff, 
	0xffff, 0xffff, 0xffff, 0xffff, 0xffff, 0xffff, 0xffff, 0xffff, 0xffff, 0xffff, 0xffff, 0xffff, 0xffff, 0xffff, 0xffff, 0xffff, 
	0xffff, 0xffff, 0xffff, 0xffff, 0xffff, 0xffff, 0xffff, 0xffff, 0xffff, 0xffff, 0xffff, 0xffff, 0xffff, 0xffff, 0xffff, 0xffff, 
	0xffff, 0xffff, 0xffff, 0xffff, 0xffff, 0xffff, 0xffff, 0xffff, 0xffff, 0xffff, 0xffff, 0xffff, 0xffff, 0xffff, 0xffff, 0xffff, 
	0xffff, 0xffff, 0xffff, 0xffff, 0xffff, 0xffff, 0xffff, 0xffff, 0xffff, 0xffff, 0xffff, 0xffff, 0xffff, 0xffff, 0xffff, 0xffff, 
	0xffff, 0xffff, 0xffff, 0xffff, 0xffff, 0xffff, 0xffff, 0xffff, 0xffff, 0xffff, 0xffff, 0xffff, 0xffff, 0xffff, 0xffff, 0xffff, 
	0xffff, 0xffff, 0xffff, 0xffff, 0xffff, 0xffff, 0xffff, 0xffff, 0xffff, 0xffff, 0xffff, 0xffff, 0xffff, 0xffff, 0xffff, 0xffff, 
	0xffff, 0xffff, 0xffff, 0xffff, 0xffff, 0xffff, 0xffff, 0xffff, 0xffff, 0xffff, 0xffff, 0xffff, 0xffff, 0xffff, 0xffff, 0xffff, 
	0xffff, 0xffff, 0xffff, 0xffff, 0xffff, 0xffff, 0xffff, 0xffff, 0xffff, 0xffff, 0xffff, 0xffff, 0xffff, 0xffff, 0xffdf, 0xffff, 
	0xfffe, 0xeffb, 0x960d, 0x8deb, 0xb6b0, 0xd795, 0xe798, 0xfffb, 0xf7fc, 0xfffe, 0xf7ff, 0xf7ff, 0xffff, 0xc6b8, 0x5389, 0x4b87, 
	0x646a, 0x4be6, 0x5c87, 0x964e, 0x752b, 0x4ba8, 0x640c, 0xe7db, 0xcf37, 0x6449, 0x64ea, 0x4c66, 0x4406, 0x64e9, 0xa66f, 0x8dac, 
	0x5427, 0x5487, 0x4c84, 0x6526, 0x966b, 0xbf52, 0x8550, 0x3a87, 0x42a8, 0x6bcc, 0xefbc, 0xfffe, 0xf7fc, 0xfffd, 0xfffe, 0xfffe, 
	0x42e7, 0x4b28, 0x4327, 0x748c, 0xeffa, 0xdfb8, 0xd798, 0xeffb, 0xf7dc, 0xffff, 0xfffe, 0xf7fe, 0xffff, 0xf7de, 0xffff, 0xfffe, 
	0xcf58, 0x858e, 0x7d8c, 0x756b, 0x6d2a, 0x64e9, 0x5c89, 0x7d0d, 0xeffb, 0xf7fd, 0xfffe, 0xffff, 0xffff, 0xffdf, 0xffdf, 0xffff, 
	0xffff, 0xffde, 0xffff, 0xfffe, 0xffff, 0xffff, 0xffff, 0xffff, 0xffff, 0xffff, 0xffff, 0xffff, 0xffff, 0xffff, 0xffff, 0xffff, 
	0xffff, 0xffff, 0xffff, 0xffff, 0xffff, 0xffff, 0xffff, 0xffff, 0xffff, 0xffff, 0xffff, 0xffff, 0xffff, 0xffff, 0xffff, 0xffff, 
	0xffff, 0xffff, 0xffff, 0xffff, 0xffff, 0xffff, 0xffff, 0xffff, 0xffff, 0xffff, 0xffff, 0xffff, 0xffff, 0xffff, 0xffff, 0xffff, 
	0xffff, 0xffff, 0xffff, 0xffff, 0xffff, 0xffff, 0xffff, 0xffff, 0xffff, 0xffff, 0xffff, 0xffff, 0xffff, 0xffff, 0xffff, 0xffff, 
	0xffff, 0xffff, 0xffff, 0xffff, 0xffff, 0xffff, 0xffff, 0xffff, 0xffff, 0xffff, 0xffff, 0xffff, 0xffff, 0xffff, 0xffff, 0xffff, 
	0xffff, 0xffff, 0xffff, 0xffff, 0xffff, 0xffff, 0xffff, 0xffff, 0xffff, 0xffff, 0xffff, 0xffff, 0xffff, 0xffff, 0xffff, 0xffff, 
	0xffff, 0xffff, 0xffff, 0xffff, 0xffff, 0xffff, 0xffff, 0xffff, 0xffff, 0xffff, 0xffff, 0xffff, 0xffff, 0xffff, 0xffff, 0xffff, 
	0xffff, 0xffff, 0xffff, 0xffff, 0xffff, 0xffff, 0xffff, 0xffff, 0xffff, 0xffff, 0xffff, 0xffff, 0xffff, 0xffff, 0xffff, 0xffff, 
	0xffff, 0xffff, 0xffff, 0xffff, 0xffff, 0xffff, 0xffff, 0xffff, 0xffff, 0xffff, 0xffff, 0xffff, 0xffff, 0xffff, 0xffff, 0xffff, 
	0xffff, 0xffff, 0xffff, 0xffff, 0xffff, 0xffff, 0xffff, 0xffff, 0xffff, 0xffff, 0xffff, 0xffde, 0xffff, 0xffff, 0xffdf, 0xffff, 
	0xf7de, 0xf7fd, 0xd797, 0x8d8c, 0xa66c, 0xa68c, 0xa62c, 0xbed1, 0xe7f9, 0xf7fc, 0xffff, 0xffff, 0xffff, 0xfffe, 0xae14, 0x4307, 
	0x4b88, 0x4b87, 0x4365, 0x5c28, 0x64cb, 0x4ba8, 0x42c7, 0x9532, 0xf7fd, 0x8d2f, 0x5427, 0x43e5, 0x43c6, 0x5408, 0xb673, 0xe7f9, 
	0x9e11, 0x4385, 0x5ca6, 0x5cc5, 0x8dea, 0x85ab, 0x4326, 0x4308, 0x42e6, 0x8cef, 0xf7fc, 0xe7b9, 0xdfb8, 0xf7fa, 0xf7dc, 0xfffd, 
	0x4347, 0x4347, 0x5409, 0x74ec, 0xcf96, 0xae91, 0x960e, 0xc734, 0xdf79, 0xfffd, 0xffff, 0xffde, 0xffff, 0xffff, 0xffdf, 0xfffe, 
	0xc757, 0x648a, 0x6ceb, 0x4be6, 0x32c3, 0x6c4a, 0x9db1, 0xd779, 0xf7fe, 0xfffe, 0xfffd, 0xfffd, 0xfffd, 0xfffd, 0xf7fe, 0xf7fe, 
	0xfffe, 0xffff, 0xffff, 0xffff, 0xffff, 0xffff, 0xffff, 0xffff, 0xffff, 0xffff, 0xffff, 0xffff, 0xffff, 0xffff, 0xffff, 0xffff, 
	0xffff, 0xffff, 0xffff, 0xffff, 0xffff, 0xffff, 0xffff, 0xffff, 0xffff, 0xffff, 0xffff, 0xffff, 0xffff, 0xffff, 0xffff, 0xffff, 
	0xffff, 0xffff, 0xffff, 0xffff, 0xffff, 0xffff, 0xffff, 0xffff, 0xffff, 0xffff, 0xffff, 0xffff, 0xffff, 0xffff, 0xffff, 0xffff, 
	0xffff, 0xffff, 0xffff, 0xffff, 0xffff, 0xffff, 0xffff, 0xffff, 0xffff, 0xffff, 0xffff, 0xffff, 0xffff, 0xffff, 0xffff, 0xffff, 
	0xffff, 0xffff, 0xffff, 0xffff, 0xffff, 0xffff, 0xffff, 0xffff, 0xffff, 0xffff, 0xffff, 0xffff, 0xffff, 0xffff, 0xffff, 0xffff, 
	0xffff, 0xffff, 0xffff, 0xffff, 0xffff, 0xffff, 0xffff, 0xffff, 0xffff, 0xffff, 0xffff, 0xffff, 0xffff, 0xffff, 0xffff, 0xffff, 
	0xffff, 0xffff, 0xffff, 0xffff, 0xffff, 0xffff, 0xffff, 0xffff, 0xffff, 0xffff, 0xffff, 0xffff, 0xffff, 0xffff, 0xffff, 0xffff, 
	0xffff, 0xffff, 0xffff, 0xffff, 0xffff, 0xffff, 0xffff, 0xffff, 0xffff, 0xffff, 0xffff, 0xffff, 0xffff, 0xffff, 0xffff, 0xffff, 
	0xffff, 0xffff, 0xffff, 0xffff, 0xffff, 0xffff, 0xffff, 0xffff, 0xffff, 0xffff, 0xffff, 0xffff, 0xffff, 0xffff, 0xffff, 0xffff, 
	0xffff, 0xffff, 0xffff, 0xffff, 0xffff, 0xffff, 0xffff, 0xffff, 0xffff, 0xffde, 0xffff, 0xffff, 0xffff, 0xffff, 0xffff, 0xffff, 
	0xffff, 0xffff, 0xeffc, 0xb6d3, 0x9e4c, 0x966a, 0x9e6a, 0x9e4b, 0xae8f, 0xe7f9, 0xf7fd, 0xfffe, 0xfffe, 0xfffe, 0xc6b8, 0x4ae8, 
	0x4308, 0x4b68, 0x4b68, 0x4b88, 0x4ba8, 0x4b88, 0x4b08, 0x84af, 0xf7fe, 0xc6d7, 0x5c49, 0x5c88, 0x5448, 0x4b87, 0xadf3, 0xfffd, 
	0xdf79, 0x7ced, 0x5c47, 0x64a6, 0x64c6, 0x7d6a, 0x4bc7, 0x3b26, 0x5388, 0x8d4e, 0xdfb7, 0xa610, 0xa64f, 0xcf55, 0xdf79, 0xfffd, 
	0x74eb, 0x4345, 0x5428, 0x6489, 0xaed2, 0xaed1, 0x8e0b, 0xa66e, 0xdf97, 0xfffc, 0xffdd, 0xfffe, 0xfffe, 0xffff, 0xffff, 0xf7fe, 
	0xae55, 0x3b07, 0x4308, 0x42e8, 0xadb3, 0xe75b, 0xfffe, 0xfffe, 0xffff, 0xf7fd, 0xfffb, 0xc6d4, 0x7ceb, 0xae92, 0xe7fa, 0xeffc, 
	0xf7fe, 0xffff, 0xffde, 0xffff, 0xffff, 0xffff, 0xffdf, 0xffff, 0xffff, 0xffff, 0xffff, 0xffff, 0xffff, 0xffff, 0xffff, 0xffff, 
	0xffff, 0xffff, 0xffff, 0xffff, 0xffff, 0xffff, 0xffff, 0xffff, 0xffff, 0xffff, 0xffff, 0xffff, 0xffff, 0xffff, 0xffff, 0xffff, 
	0xffff, 0xffff, 0xffff, 0xffff, 0xffff, 0xffff, 0xffff, 0xffff, 0xffff, 0xffff, 0xffff, 0xffff, 0xffff, 0xffff, 0xffff, 0xffff, 
	0xffff, 0xffff, 0xffff, 0xffff, 0xffff, 0xffff, 0xffff, 0xffff, 0xffff, 0xffff, 0xffff, 0xffff, 0xffff, 0xffff, 0xffff, 0xffff, 
	0xffff, 0xffff, 0xffff, 0xffff, 0xffff, 0xffff, 0xffff, 0xffff, 0xffff, 0xffff, 0xffff, 0xffff, 0xffff, 0xffff, 0xffff, 0xffff, 
	0xffff, 0xffff, 0xffff, 0xffff, 0xffff, 0xffff, 0xffff, 0xffff, 0xffff, 0xffff, 0xffff, 0xffff, 0xffff, 0xffff, 0xffff, 0xffff, 
	0xffff, 0xffff, 0xffff, 0xffff, 0xffff, 0xffff, 0xffff, 0xffff, 0xffff, 0xffff, 0xffff, 0xffff, 0xffff, 0xffff, 0xffff, 0xffff, 
	0xffff, 0xffff, 0xffff, 0xffff, 0xffff, 0xffff, 0xffff, 0xffff, 0xffff, 0xffff, 0xffff, 0xffff, 0xffff, 0xffff, 0xffff, 0xffff, 
	0xffff, 0xffff, 0xffff, 0xffff, 0xffff, 0xffff, 0xffff, 0xffff, 0xffff, 0xffff, 0xffff, 0xffff, 0xffff, 0xffff, 0xffff, 0xffff, 
	0xffff, 0xffff, 0xffff, 0xffff, 0xffff, 0xffff, 0xffff, 0xffff, 0xffff, 0xffff, 0xffff, 0xffff, 0xffff, 0xffff, 0xffff, 0xffdf, 
	0xffff, 0xffff, 0xb636, 0xcf78, 0xaeb1, 0x8deb, 0x9ecb, 0x9689, 0x964a, 0xb6af, 0xefd9, 0xfffd, 0xfffd, 0xfffe, 0xf7de, 0x8cd2, 
	0x4ae9, 0x5329, 0x4b09, 0x4b08, 0x4347, 0x4367, 0x4307, 0x5369, 0xc6b8, 0xf7fd, 0x642a, 0x5c49, 0x5c68, 0x4366, 0x6bec, 0xfffe, 
	0xf7fe, 0xa5d3, 0x4325, 0x5c67, 0x64c7, 0x6507, 0x756b, 0x43c6, 0x53e7, 0x6c8a, 0xbf13, 0xaed1, 0x8dcb, 0xaeb0, 0xdf98, 0xf7fd, 
	0x5c07, 0x5407, 0x5c28, 0x5407, 0x960f, 0xb753, 0x85ea, 0xa6ce, 0xe7f9, 0xf7fb, 0xfffe, 0xfffe, 0xfffe, 0xffff, 0xd6da, 0x7c0f, 
	0x5bab, 0x4b29, 0x532a, 0xadb5, 0xffff, 0xffff, 0xffde, 0xfffe, 0xfffe, 0xeffb, 0xb6b1, 0x8dcb, 0x7528, 0x8dec, 0xa670, 0xae73, 
	0xe7bb, 0xf7de, 0xffff, 0xffde, 0xfffe, 0xffff, 0xffff, 0xffff, 0xffff, 0xffff, 0xffff, 0xffff, 0xffff, 0xffff, 0xffff, 0xffff, 
	0xffff, 0xffff, 0xffff, 0xffff, 0xffff, 0xffff, 0xffff, 0xffff, 0xffff, 0xffff, 0xffff, 0xffff, 0xffff, 0xffff, 0xffff, 0xffff, 
	0xffff, 0xffff, 0xffff, 0xffff, 0xffff, 0xffff, 0xffff, 0xffff, 0xffff, 0xffff, 0xffff, 0xffff, 0xffff, 0xffff, 0xffff, 0xffff, 
	0xffff, 0xffff, 0xffff, 0xffff, 0xffff, 0xffff, 0xffff, 0xffff, 0xffff, 0xffff, 0xffff, 0xffff, 0xffff, 0xffff, 0xffff, 0xffff, 
	0xffff, 0xffff, 0xffff, 0xffff, 0xffff, 0xffff, 0xffff, 0xffff, 0xffff, 0xffff, 0xffff, 0xffff, 0xffff, 0xffff, 0xffff, 0xffff, 
	0xffff, 0xffff, 0xffff, 0xffff, 0xffff, 0xffff, 0xffff, 0xffff, 0xffff, 0xffff, 0xffff, 0xffff, 0xffff, 0xffff, 0xffff, 0xffff, 
	0xffff, 0xffff, 0xffff, 0xffff, 0xffff, 0xffff, 0xffff, 0xffff, 0xffff, 0xffff, 0xffff, 0xffff, 0xffff, 0xffff, 0xffff, 0xffff, 
	0xffff, 0xffff, 0xffff, 0xffff, 0xffff, 0xffff, 0xffff, 0xffff, 0xffff, 0xffff, 0xffff, 0xffff, 0xffff, 0xffff, 0xffff, 0xffff, 
	0xffff, 0xffff, 0xffff, 0xffff, 0xffff, 0xffff, 0xffff, 0xffff, 0xffff, 0xffff, 0xffff, 0xffff, 0xffff, 0xffff, 0xffff, 0xffff, 
	0xffff, 0xffff, 0xffff, 0xffff, 0xffff, 0xffff, 0xffff, 0xffff, 0xffff, 0xffff, 0xffff, 0xffff, 0xffff, 0xffde, 0xffff, 0xffff, 
	0xd699, 0x6bad, 0x63ac, 0x5bab, 0x9e12, 0x8dad, 0x6d06, 0x9ecb, 0x9eaa, 0x960a, 0xd775, 0xf7fb, 0xfffd, 0xffde, 0xffff, 0xa574, 
	0x4287, 0x5329, 0x534b, 0x5b8b, 0x4307, 0x4327, 0x4b48, 0x4307, 0x84d0, 0xe7bb, 0xa613, 0x4b87, 0x6489, 0x4ba7, 0x5baa, 0xd6fa, 
	0xf7ff, 0x9d74, 0x3285, 0x5c08, 0x5c86, 0x5cc6, 0x5cc7, 0x5c87, 0x53e7, 0x53c7, 0xa691, 0xb712, 0x7d89, 0xaecf, 0xdfb9, 0xf7fe, 
	0x5be8, 0x53a7, 0x4366, 0x3b46, 0x95f0, 0xbf54, 0x860b, 0x85ca, 0xbef4, 0xf7fd, 0xf7fe, 0xffff, 0xfffe, 0xe77c, 0x6bad, 0x4288, 
	0x3267, 0x536b, 0xd6fa, 0xffff, 0xffff, 0xfffe, 0xffff, 0xf7fd, 0xbed5, 0xaed1, 0x862a, 0x8649, 0x968b, 0x7568, 0x858a, 0x95ae, 
	0x9530, 0xbdf7, 0xfffe, 0xffff, 0xffff, 0xffff, 0xffff, 0xffff, 0xffff, 0xffff, 0xffff, 0xffff, 0xffff, 0xffff, 0xffff, 0xffff, 
	0xffff, 0xffff, 0xffff, 0xffff, 0xffff, 0xffff, 0xffff, 0xffff, 0xffff, 0xffff, 0xffff, 0xffff, 0xffff, 0xffff, 0xffff, 0xffff, 
	0xffff, 0xffff, 0xffff, 0xffff, 0xffff, 0xffff, 0xffff, 0xffff, 0xffff, 0xffff, 0xffff, 0xffff, 0xffff, 0xffff, 0xffff, 0xffff, 
	0xffff, 0xffff, 0xffff, 0xffff, 0xffff, 0xffff, 0xffff, 0xffff, 0xffff, 0xffff, 0xffff, 0xffff, 0xffff, 0xffff, 0xffff, 0xffff, 
	0xffff, 0xffff, 0xffff, 0xffff, 0xffff, 0xffff, 0xffff, 0xffff, 0xffff, 0xffff, 0xffff, 0xffff, 0xffff, 0xffff, 0xffff, 0xffff, 
	0xffff, 0xffff, 0xffff, 0xffff, 0xffff, 0xffff, 0xffff, 0xffff, 0xffff, 0xffff, 0xffff, 0xffff, 0xffff, 0xffff, 0xffff, 0xffff, 
	0xffff, 0xffff, 0xffff, 0xffff, 0xffff, 0xffff, 0xffff, 0xffff, 0xffff, 0xffff, 0xffff, 0xffff, 0xffff, 0xffff, 0xffff, 0xffff, 
	0xffff, 0xffff, 0xffff, 0xffff, 0xffff, 0xffff, 0xffff, 0xffff, 0xffff, 0xffff, 0xffff, 0xffff, 0xffff, 0xffff, 0xffff, 0xffff, 
	0xffff, 0xffff, 0xffff, 0xffff, 0xffff, 0xffff, 0xffff, 0xffff, 0xffff, 0xffff, 0xffff, 0xffff, 0xffff, 0xffff, 0xffff, 0xffff, 
	0xffff, 0xffff, 0xffff, 0xffff, 0xffff, 0xffff, 0xffff, 0xffff, 0xffff, 0xffff, 0xffff, 0xffff, 0xffff, 0xffff, 0xffdf, 0xad74, 
	0x5b0a, 0x4ac9, 0x42a8, 0x42a8, 0x5bac, 0x63eb, 0x6428, 0x8dca, 0x8e29, 0x966a, 0xae8e, 0xe7f7, 0xfffd, 0xffff, 0xffde, 0xc678, 
	0x63cc, 0x42e8, 0x5bcb, 0x8d71, 0x74cf, 0x4b89, 0x4328, 0x4348, 0x42c7, 0xbeb7, 0xd77a, 0x4328, 0x53e8, 0x6449, 0x5368, 0x63cc, 
	0xf7ff, 0x9533, 0x3aa7, 0x4367, 0x5c88, 0x5ce6, 0x54c5, 0x64e7, 0x4bc7, 0x3b06, 0x9e12, 0xbf34, 0x8deb, 0x7d6b, 0xb654, 0xf7fe, 
	0x5368, 0x4b47, 0x4327, 0x3ae6, 0x9591, 0xb6f4, 0x7dcb, 0x6d08, 0x7ced, 0xe7db, 0xf7fe, 0xf7fe, 0xdf5b, 0x6bee, 0x42a9, 0x4aea, 
	0x7c70, 0xc6b9, 0xffff, 0xffde, 0xffff, 0xffff, 0xf7fe, 0xeffb, 0x9e4f, 0x7dc8, 0x8668, 0x8648, 0x860a, 0x962c, 0xaeb0, 0xbed4, 
	0xb5f4, 0xb5f6, 0xfffe, 0xfffe, 0xffff, 0xffff, 0xffff, 0xffff, 0xffff, 0xffff, 0xffff, 0xffff, 0xffff, 0xffff, 0xffff, 0xffff, 
	0xffff, 0xffff, 0xffff, 0xffff, 0xffff, 0xffff, 0xffff, 0xffff, 0xffff, 0xffff, 0xffff, 0xffff, 0xffff, 0xffff, 0xffff, 0xffff, 
	0xffff, 0xffff, 0xffff, 0xffff, 0xffff, 0xffff, 0xffff, 0xffff, 0xffff, 0xffff, 0xffff, 0xffff, 0xffff, 0xffff, 0xffff, 0xffff, 
	0xffff, 0xffff, 0xffff, 0xffff, 0xffff, 0xffff, 0xffff, 0xffff, 0xffff, 0xffff, 0xffff, 0xffff, 0xffff, 0xffff, 0xffff, 0xffff, 
	0xffff, 0xffff, 0xffff, 0xffff, 0xffff, 0xffff, 0xffff, 0xffff, 0xffff, 0xffff, 0xffff, 0xffff, 0xffff, 0xffff, 0xffff, 0xffff, 
	0xffff, 0xffff, 0xffff, 0xffff, 0xffff, 0xffff, 0xffff, 0xffff, 0xffff, 0xffff, 0xffff, 0xffff, 0xffff, 0xffff, 0xffff, 0xffff, 
	0xffff, 0xffff, 0xffff, 0xffff, 0xffff, 0xffff, 0xffff, 0xffff, 0xffff, 0xffff, 0xffff, 0xffff, 0xffff, 0xffff, 0xffff, 0xffff, 
	0xffff, 0xffff, 0xffff, 0xffff, 0xffff, 0xffff, 0xffff, 0xffff, 0xffff, 0xffff, 0xffff, 0xffff, 0xffff, 0xffff, 0xffff, 0xffff, 
	0xffff, 0xffff, 0xffff, 0xffff, 0xffff, 0xffff, 0xffff, 0xffff, 0xffff, 0xffff, 0xffff, 0xffff, 0xffff, 0xffff, 0xffff, 0xffff, 
	0xffff, 0xffff, 0xffff, 0xffff, 0xffff, 0xffff, 0xffff, 0xffff, 0xffff, 0xffff, 0xffff, 0xffff, 0xffff, 0xffde, 0xffff, 0xd6da, 
	0x7c2f, 0x3a68, 0x5b8c, 0x4aea, 0x3227, 0x9553, 0xd758, 0x4b65, 0x64c6, 0x968b, 0x9e6b, 0xb6d0, 0xf7fa, 0xfffd, 0xfffe, 0xffff, 
	0x9511, 0x42e7, 0x3b28, 0x74ef, 0xdffc, 0x95b3, 0x3b07, 0x4348, 0x3ae7, 0xae55, 0xcf19, 0x4307, 0x3305, 0x5c68, 0x53c7, 0x640a, 
	0xe7fc, 0x9573, 0x3aa8, 0x4327, 0x5447, 0x5cc6, 0x5d05, 0x5ce6, 0x4bc7, 0x32a5, 0xa634, 0xb6f5, 0x7529, 0x7509, 0x748d, 0xe7bc, 
	0x4307, 0x4307, 0x4b08, 0x42c7, 0x746e, 0x7ccd, 0x64e8, 0x756a, 0x3b26, 0xbeb7, 0xf7fe, 0x8cd1, 0x532a, 0x42c8, 0x4288, 0x6bad, 
	0xf7fe, 0xffff, 0xffff, 0xffff, 0xffde, 0xfffd, 0xf7fc, 0xaeb1, 0x8e2a, 0x8628, 0x8628, 0x8e2a, 0x95ee, 0xd776, 0xf7fc, 0xfffd, 
	0xfffe, 0xfffe, 0xffff, 0xffff, 0xffff, 0xffff, 0xffff, 0xffff, 0xffff, 0xffff, 0xffff, 0xffff, 0xffff, 0xffff, 0xffff, 0xffff, 
	0xffff, 0xffff, 0xffff, 0xffff, 0xffff, 0xffff, 0xffff, 0xffff, 0xffff, 0xffff, 0xffff, 0xffff, 0xffff, 0xffff, 0xffff, 0xffff, 
	0xffff, 0xffff, 0xffff, 0xffff, 0xffff, 0xffff, 0xffff, 0xffff, 0xffff, 0xffff, 0xffff, 0xffff, 0xffff, 0xffff, 0xffff, 0xffff, 
	0xffff, 0xffff, 0xffff, 0xffff, 0xffff, 0xffff, 0xffff, 0xffff, 0xffff, 0xffff, 0xffff, 0xffff, 0xffff, 0xffff, 0xffff, 0xffff, 
	0xffff, 0xffff, 0xffff, 0xffff, 0xffff, 0xffff, 0xffff, 0xffff, 0xffff, 0xffff, 0xffff, 0xffff, 0xffff, 0xffff, 0xffff, 0xffff, 
	0xffff, 0xffff, 0xffff, 0xffff, 0xffff, 0xffff, 0xffff, 0xffff, 0xffff, 0xffff, 0xffff, 0xffff, 0xffff, 0xffff, 0xffff, 0xffff, 
	0xffff, 0xffff, 0xffff, 0xffff, 0xffff, 0xffff, 0xffff, 0xffff, 0xffff, 0xffff, 0xffff, 0xffff, 0xffff, 0xffff, 0xffff, 0xffff, 
	0xffff, 0xffff, 0xffff, 0xffff, 0xffff, 0xffff, 0xffff, 0xffff, 0xffff, 0xffff, 0xffff, 0xffff, 0xffff, 0xffff, 0xffff, 0xffff, 
	0xffff, 0xffff, 0xffff, 0xffff, 0xffff, 0xffff, 0xffff, 0xffff, 0xffff, 0xffff, 0xffff, 0xffff, 0xffff, 0xffff, 0xffff, 0xffff, 
	0xffff, 0xffff, 0xffff, 0xffff, 0xffff, 0xffff, 0xffff, 0xffff, 0xffff, 0xffff, 0xffff, 0xffff, 0xffff, 0xffff, 0xffff, 0xffff, 
	0xefbe, 0xc678, 0x84b1, 0x9d53, 0xc658, 0x842f, 0x5b2a, 0x4b27, 0x3b03, 0x85eb, 0xa6ed, 0xa68c, 0xb6b0, 0xeffa, 0xfffe, 0xf7fe, 
	0xdf5b, 0x6c0c, 0x4348, 0x3b07, 0x8d52, 0xeffe, 0x8d31, 0x4328, 0x3b07, 0x5bcb, 0x9591, 0x4b87, 0x5468, 0x5cc8, 0x5c88, 0x6489, 
	0x74cb, 0x642a, 0x3ae7, 0x4347, 0x5447, 0x5485, 0x5d05, 0x5cc6, 0x43c7, 0x3ae7, 0x748f, 0x7cee, 0x5c67, 0x752a, 0x3b25, 0xae74, 
	0x5349, 0x4b28, 0x4b09, 0x4b09, 0x5b4b, 0x5348, 0x6ce9, 0x752a, 0x4367, 0x6c4d, 0x744e, 0x534a, 0x42c8, 0x4ae9, 0x63ad, 0xd6fb, 
	0xffff, 0xffff, 0xffdf, 0xffde, 0xffff, 0xf7fd, 0xe7f9, 0x9e6e, 0x8608, 0x8648, 0x85e9, 0x9e4e, 0xe7f9, 0xf7fc, 0xfffe, 0xffff, 
	0xffff, 0xffff, 0xffff, 0xffff, 0xffff, 0xffff, 0xffff, 0xffff, 0xffff, 0xffff, 0xffff, 0xffff, 0xffff, 0xffff, 0xffff, 0xffff, 
	0xffff, 0xffff, 0xffff, 0xffff, 0xffff, 0xffff, 0xffff, 0xffff, 0xffff, 0xffff, 0xffff, 0xffff, 0xffff, 0xffff, 0xffff, 0xffff, 
	0xffff, 0xffff, 0xffff, 0xffff, 0xffff, 0xffff, 0xffff, 0xffff, 0xffff, 0xffff, 0xffff, 0xffff, 0xffff, 0xffff, 0xffff, 0xffff, 
	0xffff, 0xffff, 0xffff, 0xffff, 0xffff, 0xffff, 0xffff, 0xffff, 0xffff, 0xffff, 0xffff, 0xffff, 0xffff, 0xffff, 0xffff, 0xffff, 
	0xffff, 0xffff, 0xffff, 0xffff, 0xffff, 0xffff, 0xffff, 0xffff, 0xffff, 0xffff, 0xffff, 0xffff, 0xffff, 0xffff, 0xffff, 0xffff, 
	0xffff, 0xffff, 0xffff, 0xffff, 0xffff, 0xffff, 0xffff, 0xffff, 0xffff, 0xffff, 0xffff, 0xffff, 0xffff, 0xffff, 0xffff, 0xffff, 
	0xffff, 0xffff, 0xffff, 0xffff, 0xffff, 0xffff, 0xffff, 0xffff, 0xffff, 0xffff, 0xffff, 0xffff, 0xffff, 0xffff, 0xffff, 0xffff, 
	0xffff, 0xffff, 0xffff, 0xffff, 0xffff, 0xffff, 0xffff, 0xffff, 0xffff, 0xffff, 0xffff, 0xffff, 0xffff, 0xffff, 0xffff, 0xffff, 
	0xffff, 0xffff, 0xffff, 0xffff, 0xffff, 0xffff, 0xffff, 0xffff, 0xffff, 0xffff, 0xffff, 0xffff, 0xffff, 0xffff, 0xffff, 0xffff, 
	0xffff, 0xffff, 0xffff, 0xffff, 0xffff, 0xffff, 0xffff, 0xffff, 0xffff, 0xffff, 0xffff, 0xffff, 0xffff, 0xffff, 0xffff, 0xffff, 
	0xffff, 0xffff, 0xefde, 0xf7ff, 0xffff, 0xd6da, 0x5b2b, 0x5b6b, 0x748d, 0x5407, 0x7568, 0x9eab, 0x9e6b, 0xc712, 0xf7fb, 0xfffe, 
	0xf7fd, 0x744d, 0x3b27, 0x4368, 0x5bcb, 0xdfbb, 0xd759, 0x42e7, 0x4b68, 0x4347, 0x4bc7, 0x960f, 0x9eb0, 0x6d2a, 0x4c05, 0x5c68, 
	0x5c48, 0x53c8, 0x53ca, 0x4b88, 0x4ba6, 0x5ca7, 0x5ce6, 0x5ce7, 0x4be8, 0x3ae7, 0x5bab, 0x4b49, 0x53e7, 0x750a, 0x3b45, 0x6c8b, 
	0x4b29, 0x4b29, 0x4b09, 0x3a88, 0x9d53, 0xd739, 0x5c28, 0x5c48, 0x53a8, 0x4308, 0x42e7, 0x4308, 0x4b09, 0x5b4b, 0xdf5c, 0xffff, 
	0xffff, 0xffdf, 0xffdf, 0xfffe, 0xffff, 0xf7fd, 0xbf13, 0x8e4b, 0x8628, 0x85e8, 0x8dab, 0xbed4, 0xf7fc, 0xf7fe, 0xffff, 0xffff, 
	0xffff, 0xffff, 0xffff, 0xffff, 0xffff, 0xffff, 0xffff, 0xffff, 0xffff, 0xffff, 0xffff, 0xffff, 0xffff, 0xffff, 0xffff, 0xffff, 
	0xffff, 0xffff, 0xffff, 0xffff, 0xffff, 0xffff, 0xffff, 0xffff, 0xffff, 0xffff, 0xffff, 0xffff, 0xffff, 0xffff, 0xffff, 0xffff, 
	0xffff, 0xffff, 0xffff, 0xffff, 0xffff, 0xffff, 0xffff, 0xffff, 0xffff, 0xffff, 0xffff, 0xffff, 0xffff, 0xffff, 0xffff, 0xffff, 
	0xffff, 0xffff, 0xffff, 0xffff, 0xffff, 0xffff, 0xffff, 0xffff, 0xffff, 0xffff, 0xffff, 0xffff, 0xffff, 0xffff, 0xffff, 0xffff, 
	0xffff, 0xffff, 0xffff, 0xffff, 0xffff, 0xffff, 0xffff, 0xffff, 0xffff, 0xffff, 0xffff, 0xffff, 0xffff, 0xffff, 0xffff, 0xffff, 
	0xffff, 0xffff, 0xffff, 0xffff, 0xffff, 0xffff, 0xffff, 0xffff, 0xffff, 0xffff, 0xffff, 0xffff, 0xffff, 0xffff, 0xffff, 0xffff, 
	0xffff, 0xffff, 0xffff, 0xffff, 0xffff, 0xffff, 0xffff, 0xffff, 0xffff, 0xffff, 0xffff, 0xffff, 0xffff, 0xffff, 0xffff, 0xffff, 
	0xffff, 0xffff, 0xffff, 0xffff, 0xffff, 0xffff, 0xffff, 0xffff, 0xffff, 0xffff, 0xffff, 0xffff, 0xffff, 0xffff, 0xffff, 0xffff, 
	0xffff, 0xffff, 0xffff, 0xffff, 0xffff, 0xffff, 0xffff, 0xffff, 0xffff, 0xffff, 0xffff, 0xffff, 0xffff, 0xffff, 0xffff, 0xffff, 
	0xffff, 0xffff, 0xffff, 0xffff, 0xffff, 0xffff, 0xffff, 0xffff, 0xffff, 0xffff, 0xffff, 0xffff, 0xffff, 0xffff, 0xffff, 0xffff, 
	0xffff, 0xfffe, 0xfffe, 0xfffe, 0xf7de, 0xffff, 0xd6da, 0x6bcd, 0x5bab, 0x74cd, 0x7d6b, 0x968b, 0x9668, 0xa66b, 0xe7f9, 0xf7fd, 
	0xa573, 0x4b28, 0x4ba8, 0x43a7, 0x3b26, 0xa613, 0xd759, 0x63ab, 0x4b47, 0x4b66, 0x752a, 0x964e, 0x64e9, 0x4be5, 0x4385, 0x5408, 
	0x4b87, 0x4347, 0x4328, 0x4b49, 0x4b67, 0x5427, 0x5cc7, 0x64c7, 0x6469, 0x3ae6, 0x9d92, 0xdf9a, 0x5be8, 0x53e7, 0x5448, 0x3325, 
	0x4309, 0x4b09, 0x4b09, 0x3a88, 0xa594, 0xf7fd, 0x6c6a, 0x5c08, 0x5bc9, 0x4328, 0x4b49, 0x4b29, 0x3aa7, 0xa5b4, 0xffff, 0xffdf, 
	0xf77f, 0xf75e, 0xffff, 0xfffe, 0xfffe, 0xe7ba, 0x95ee, 0x7548, 0x5ca5, 0x7d4a, 0xc6f4, 0xeffb, 0xfffe, 0xfffe, 0xf7ff, 0xffff, 
	0xffff, 0xffff, 0xffff, 0xffff, 0xffff, 0xffff, 0xffff, 0xffff, 0xffff, 0xffff, 0xffff, 0xffff, 0xffff, 0xffff, 0xffff, 0xffff, 
	0xffff, 0xffff, 0xffff, 0xffff, 0xffff, 0xffff, 0xffff, 0xffff, 0xffff, 0xffff, 0xffff, 0xffff, 0xffff, 0xffff, 0xffff, 0xffff, 
	0xffff, 0xffff, 0xffff, 0xffff, 0xffff, 0xffff, 0xffff, 0xffff, 0xffff, 0xffff, 0xffff, 0xffff, 0xffff, 0xffff, 0xffff, 0xffff, 
	0xffff, 0xffff, 0xffff, 0xffff, 0xffff, 0xffff, 0xffff, 0xffff, 0xffff, 0xffff, 0xffff, 0xffff, 0xffff, 0xffff, 0xffff, 0xffff, 
	0xffff, 0xffff, 0xffff, 0xffff, 0xffff, 0xffff, 0xffff, 0xffff, 0xffff, 0xffff, 0xffff, 0xffff, 0xffff, 0xffff, 0xffff, 0xffff, 
	0xffff, 0xffff, 0xffff, 0xffff, 0xffff, 0xffff, 0xffff, 0xffff, 0xffff, 0xffff, 0xffff, 0xffff, 0xffff, 0xffff, 0xffff, 0xffff, 
	0xffff, 0xffff, 0xffff, 0xffff, 0xffff, 0xffff, 0xffff, 0xffff, 0xffff, 0xffff, 0xffff, 0xffff, 0xffff, 0xffff, 0xffff, 0xffff, 
	0xffff, 0xffff, 0xffff, 0xffff, 0xffff, 0xffff, 0xffff, 0xffff, 0xffff, 0xffff, 0xffff, 0xffff, 0xffff, 0xffff, 0xffff, 0xffff, 
	0xffff, 0xffff, 0xffff, 0xffff, 0xffff, 0xffff, 0xffff, 0xffff, 0xffff, 0xffff, 0xffff, 0xffff, 0xffff, 0xffff, 0xffff, 0xffff, 
	0xffff, 0xffff, 0xffff, 0xffff, 0xffff, 0xffff, 0xffff, 0xffff, 0xffff, 0xffff, 0xffff, 0xffff, 0xffff, 0xffff, 0xffff, 0xffff, 
	0xffde, 0xffff, 0xfffe, 0xffff, 0xffff, 0xffff, 0xefbd, 0x63ad, 0x4b2a, 0x5bca, 0x9e51, 0x9e8d, 0x9ea9, 0x9e69, 0xbef2, 0xf7fc, 
	0x84af, 0x42c7, 0x4366, 0x43a7, 0x4367, 0x4b89, 0xdf5a, 0xdf59, 0x4b26, 0x858c, 0xa6cf, 0x6d08, 0x5c47, 0x4b86, 0x4367, 0x4327, 
	0x4328, 0x4b49, 0x5349, 0x4b29, 0x4307, 0x53c8, 0x5c27, 0x5c48, 0x5be8, 0x42c6, 0xa5b3, 0xf7fd, 0x6c4c, 0x4ba7, 0x5c29, 0x43c6, 
	0x42e9, 0x4b2a, 0x4b0a, 0x42a8, 0x9d54, 0xf7fe, 0x6c2b, 0x5c0a, 0x5bcb, 0x3ae8, 0x4349, 0x4308, 0x3aa7, 0xb636, 0xf7df, 0xdedc, 
	0xc5d8, 0xe6dc, 0xffff, 0xfffe, 0xfffe, 0xc6b6, 0x5be7, 0x6448, 0xae73, 0xd799, 0xfffd, 0xfffd, 0xfffd, 0xfffd, 0xfffd, 0xffff, 
	0xffff, 0xffff, 0xffff, 0xffff, 0xffff, 0xffff, 0xffff, 0xffff, 0xffff, 0xffff, 0xffff, 0xffff, 0xffff, 0xffff, 0xffff, 0xffff, 
	0xffff, 0xffff, 0xffff, 0xffff, 0xffff, 0xffff, 0xffff, 0xffff, 0xffff, 0xffff, 0xffff, 0xffff, 0xffff, 0xffff, 0xffff, 0xffff, 
	0xffff, 0xffff, 0xffff, 0xffff, 0xffff, 0xffff, 0xffff, 0xffff, 0xffff, 0xffff, 0xffff, 0xffff, 0xffff, 0xffff, 0xffff, 0xffff, 
	0xffff, 0xffff, 0xffff, 0xffff, 0xffff, 0xffff, 0xffff, 0xffff, 0xffff, 0xffff, 0xffff, 0xffff, 0xffff, 0xffff, 0xffff, 0xffff, 
	0xffff, 0xffff, 0xffff, 0xffff, 0xffff, 0xffff, 0xffff, 0xffff, 0xffff, 0xffff, 0xffff, 0xffff, 0xffff, 0xffff, 0xffff, 0xffff, 
	0xffff, 0xffff, 0xffff, 0xffff, 0xffff, 0xffff, 0xffff, 0xffff, 0xffff, 0xffff, 0xffff, 0xffff, 0xffff, 0xffff, 0xffff, 0xffff, 
	0xffff, 0xffff, 0xffff, 0xffff, 0xffff, 0xffff, 0xffff, 0xffff, 0xffff, 0xffff, 0xffff, 0xffff, 0xffff, 0xffff, 0xffff, 0xffff, 
	0xffff, 0xffff, 0xffff, 0xffff, 0xffff, 0xffff, 0xffff, 0xffff, 0xffff, 0xffff, 0xffff, 0xffff, 0xffff, 0xffff, 0xffff, 0xffff, 
	0xffff, 0xffff, 0xffff, 0xffff, 0xffff, 0xffff, 0xffff, 0xffff, 0xffff, 0xffff, 0xffff, 0xffff, 0xffff, 0xffff, 0xffff, 0xffff, 
	0xffff, 0xffff, 0xffff, 0xffff, 0xffff, 0xffff, 0xffff, 0xffff, 0xffff, 0xffff, 0xffff, 0xffff, 0xffff, 0xffff, 0xffff, 0xffff, 
	0xffff, 0xffff, 0xffde, 0xffff, 0xffff, 0xffff, 0xdf7c, 0x5b6c, 0x534b, 0x4b49, 0x8d90, 0xa691, 0xa6ec, 0x9e6a, 0xaeae, 0xdff7, 
	0xae14, 0x84cf, 0x5be9, 0x4366, 0x4367, 0x4b68, 0xd75a, 0xdf9a, 0x7d0b, 0x962d, 0x7dca, 0x5ca7, 0x4ba7, 0x3b07, 0x4b49, 0x4308, 
	0x4b29, 0x4ae9, 0x4b09, 0x4b09, 0x4ae8, 0x4b28, 0x4327, 0x4327, 0x42e8, 0x4aa8, 0xa574, 0xf7fe, 0x744d, 0x5368, 0x5be8, 0x4385, 
	0x4328, 0x4b29, 0x42e9, 0x3aa8, 0xa594, 0xced9, 0x5bcb, 0x5389, 0x5369, 0x4b48, 0x4327, 0x4347, 0x4328, 0x84d0, 0xce78, 0xbdd7, 
	0xdebb, 0xffdf, 0xffff, 0xf7fe, 0xefdb, 0x8d0f, 0x84cd, 0xcf58, 0xf7fd, 0xf7fe, 0xf7fd, 0xefdb, 0xc6b5, 0xced7, 0xfffe, 0xfffe, 
	0xffff, 0xffff, 0xffff, 0xffff, 0xffff, 0xffff, 0xffff, 0xffff, 0xffff, 0xffff, 0xffff, 0xffff, 0xffff, 0xffff, 0xffff, 0xffff, 
	0xffff, 0xffff, 0xffff, 0xffff, 0xffff, 0xffff, 0xffff, 0xffff, 0xffff, 0xffff, 0xffff, 0xffff, 0xffff, 0xffff, 0xffff, 0xffff, 
	0xffff, 0xffff, 0xffff, 0xffff, 0xffff, 0xffff, 0xffff, 0xffff, 0xffff, 0xffff, 0xffff, 0xffff, 0xffff, 0xffff, 0xffff, 0xffff, 
	0xffff, 0xffff, 0xffff, 0xffff, 0xffff, 0xffff, 0xffff, 0xffff, 0xffff, 0xffff, 0xffff, 0xffff, 0xffff, 0xffff, 0xffff, 0xffff, 
	0xffff, 0xffff, 0xffff, 0xffff, 0xffff, 0xffff, 0xffff, 0xffff, 0xffff, 0xffff, 0xffff, 0xffff, 0xffff, 0xffff, 0xffff, 0xffff, 
	0xffff, 0xffff, 0xffff, 0xffff, 0xffff, 0xffff, 0xffff, 0xffff, 0xffff, 0xffff, 0xffff, 0xffff, 0xffff, 0xffff, 0xffff, 0xffff, 
	0xffff, 0xffff, 0xffff, 0xffff, 0xffff, 0xffff, 0xffff, 0xffff, 0xffff, 0xffff, 0xffff, 0xffff, 0xffff, 0xffff, 0xffff, 0xffff, 
	0xffff, 0xffff, 0xffff, 0xffff, 0xffff, 0xffff, 0xffff, 0xffff, 0xffff, 0xffff, 0xffff, 0xffff, 0xffff, 0xffff, 0xffff, 0xffff, 
	0xffff, 0xffff, 0xffff, 0xffff, 0xffff, 0xffff, 0xffff, 0xffff, 0xffff, 0xffff, 0xffff, 0xffff, 0xffff, 0xffff, 0xffff, 0xffff, 
	0xffff, 0xffff, 0xffff, 0xffff, 0xffff, 0xffff, 0xffff, 0xffff, 0xffff, 0xffff, 0xffff, 0xffff, 0xffff, 0xffff, 0xffff, 0xffff, 
	0xffdf, 0xffff, 0xffff, 0xffde, 0xffff, 0xf7fe, 0xefde, 0x9d74, 0x534b, 0x5bab, 0x4b48, 0x9e31, 0xa6af, 0x9e8c, 0x9e8c, 0xb6f0, 
	0xeffb, 0xf7fd, 0x74ad, 0x4326, 0x4b88, 0x4347, 0xa5f3, 0xe7fa, 0xaed0, 0x8e2b, 0x5cc6, 0x5467, 0x4347, 0x4b29, 0x42e8, 0x4b09, 
	0x4ae9, 0x42c8, 0x42c7, 0x4307, 0x4307, 0x42e7, 0x4308, 0x4308, 0x42e8, 0x4287, 0xa554, 0xdefa, 0x5b6b, 0x5369, 0x53c8, 0x4b86, 
	0x5bc8, 0x4b47, 0x5369, 0x42c7, 0x9512, 0x744f, 0x42e8, 0x4308, 0x4b28, 0x5be9, 0x5c28, 0x53e6, 0x8d8e, 0xae53, 0xc656, 0xffff, 
	0xffff, 0xffff, 0xf7fe, 0xf7fe, 0xc6d7, 0x8cef, 0xe79c, 0xfffe, 0xfffd, 0xe7ba, 0xb6b2, 0xa62f, 0x8d6d, 0x9d90, 0xfffe, 0xffff, 
	0xffff, 0xffff, 0xffff, 0xffff, 0xffff, 0xffff, 0xffff, 0xffff, 0xffff, 0xffff, 0xffff, 0xffff, 0xffff, 0xffff, 0xffff, 0xffff, 
	0xffff, 0xffff, 0xffff, 0xffff, 0xffff, 0xffff, 0xffff, 0xffff, 0xffff, 0xffff, 0xffff, 0xffff, 0xffff, 0xffff, 0xffff, 0xffff, 
	0xffff, 0xffff, 0xffff, 0xffff, 0xffff, 0xffff, 0xffff, 0xffff, 0xffff, 0xffff, 0xffff, 0xffff, 0xffff, 0xffff, 0xffff, 0xffff, 
	0xffff, 0xffff, 0xffff, 0xffff, 0xffff, 0xffff, 0xffff, 0xffff, 0xffff, 0xffff, 0xffff, 0xffff, 0xffff, 0xffff, 0xffff, 0xffff, 
	0xffff, 0xffff, 0xffff, 0xffff, 0xffff, 0xffff, 0xffff, 0xffff, 0xffff, 0xffff, 0xffff, 0xffff, 0xffff, 0xffff, 0xffff, 0xffff, 
	0xffff, 0xffff, 0xffff, 0xffff, 0xffff, 0xffff, 0xffff, 0xffff, 0xffff, 0xffff, 0xffff, 0xffff, 0xffff, 0xffff, 0xffff, 0xffff, 
	0xffff, 0xffff, 0xffff, 0xffff, 0xffff, 0xffff, 0xffff, 0xffff, 0xffff, 0xffff, 0xffff, 0xffff, 0xffff, 0xffff, 0xffff, 0xffff, 
	0xffff, 0xffff, 0xffff, 0xffff, 0xffff, 0xffff, 0xffff, 0xffff, 0xffff, 0xffff, 0xffff, 0xffff, 0xffff, 0xffff, 0xffff, 0xffff, 
	0xffff, 0xffff, 0xffff, 0xffff, 0xffff, 0xffff, 0xffff, 0xffff, 0xffff, 0xffff, 0xffff, 0xffff, 0xffff, 0xffff, 0xffff, 0xffff, 
	0xffff, 0xffff, 0xffff, 0xffff, 0xffff, 0xffff, 0xffff, 0xffff, 0xffff, 0xffff, 0xffff, 0xffff, 0xffff, 0xffff, 0xffff, 0xffff, 
	0xffff, 0xffdf, 0xffff, 0xffff, 0xffff, 0xffff, 0xffff, 0xefdd, 0x5b6b, 0x5369, 0x5ba9, 0x4b87, 0xae92, 0x962e, 0x964b, 0x9e8d, 
	0xc775, 0x9df2, 0x5bc9, 0x4b47, 0x4b67, 0x4b87, 0x4ba6, 0x8e0d, 0x966d, 0x7dea, 0x5ca6, 0x4be6, 0x4327, 0x4b09, 0x4b2a, 0x4ae9, 
	0x3aa8, 0x74ae, 0x95f0, 0x750b, 0x750b, 0x6ccb, 0x53e8, 0x4ba8, 0x4b69, 0x3aa7, 0x8cf1, 0x7c2e, 0x42c8, 0x4b49, 0x4327, 0x5c09, 
	0x53e6, 0x5386, 0x4b47, 0x4b09, 0x530a, 0x532b, 0x42e9, 0x4b29, 0x4b27, 0x5be8, 0x6448, 0x74e9, 0x960e, 0xcf95, 0xf7fb, 0xf7fc, 
	0xffde, 0xffff, 0xf7fe, 0xdf9a, 0x6c2b, 0xb634, 0xffff, 0xffff, 0xf7fc, 0xcf55, 0x85ac, 0x752a, 0x3b24, 0x7cce, 0xfffe, 0xffff, 
	0xffff, 0xffff, 0xffff, 0xffff, 0xffff, 0xffff, 0xffff, 0xffff, 0xffff, 0xffff, 0xffff, 0xffff, 0xffff, 0xffff, 0xffff, 0xffff, 
	0xffff, 0xffff, 0xffff, 0xffff, 0xffff, 0xffff, 0xffff, 0xffff, 0xffff, 0xffff, 0xffff, 0xffff, 0xffff, 0xffff, 0xffff, 0xffff, 
	0xffff, 0xffff, 0xffff, 0xffff, 0xffff, 0xffff, 0xffff, 0xffff, 0xffff, 0xffff, 0xffff, 0xffff, 0xffff, 0xffff, 0xffff, 0xffff, 
	0xffff, 0xffff, 0xffff, 0xffff, 0xffff, 0xffff, 0xffff, 0xffff, 0xffff, 0xffff, 0xffff, 0xffff, 0xffff, 0xffff, 0xffff, 0xffff, 
	0xffff, 0xffff, 0xffff, 0xffff, 0xffff, 0xffff, 0xffff, 0xffff, 0xffff, 0xffff, 0xffff, 0xffff, 0xffff, 0xffff, 0xffff, 0xffff, 
	0xffff, 0xffff, 0xffff, 0xffff, 0xffff, 0xffff, 0xffff, 0xffff, 0xffff, 0xffff, 0xffff, 0xffff, 0xffff, 0xffff, 0xffff, 0xffff, 
	0xffff, 0xffff, 0xffff, 0xffff, 0xffff, 0xffff, 0xffff, 0xffff, 0xffff, 0xffff, 0xffff, 0xffff, 0xffff, 0xffff, 0xffff, 0xffff, 
	0xffff, 0xffff, 0xffff, 0xffff, 0xffff, 0xffff, 0xffff, 0xffff, 0xffff, 0xffff, 0xffff, 0xffff, 0xffff, 0xffff, 0xffff, 0xffff, 
	0xffff, 0xffff, 0xffff, 0xffff, 0xffff, 0xffff, 0xffff, 0xffff, 0xffff, 0xffff, 0xffff, 0xffff, 0xffff, 0xffff, 0xffff, 0xffff, 
	0xffff, 0xffff, 0xffff, 0xffff, 0xffff, 0xffff, 0xffff, 0xffff, 0xffff, 0xffff, 0xffff, 0xffff, 0xffff, 0xfffe, 0xfffe, 0xfffe, 
	0xf7fe, 0xffff, 0xffff, 0xffff, 0xffff, 0xffdf, 0xffff, 0xe79c, 0x5b6a, 0x4307, 0x5388, 0x4346, 0x6449, 0x64c9, 0x966c, 0x968c, 
	0xaef1, 0x5c08, 0x4326, 0x4b68, 0x4b67, 0x4b86, 0x3b83, 0x6d68, 0x862b, 0x6527, 0x5ca8, 0x4365, 0x4b28, 0x4ae9, 0x4b0a, 0x42c8, 
	0x5389, 0xbf36, 0xbf94, 0x85ec, 0x85ec, 0x6d0a, 0x5448, 0x4ba8, 0x4327, 0x4b08, 0x4b09, 0x4b09, 0x4b09, 0x4309, 0x4307, 0x5c0b, 
	0x4bc5, 0x4ba6, 0x4327, 0x4b09, 0x4aca, 0x52eb, 0x4b0a, 0x42e8, 0x4328, 0x4347, 0x4346, 0x6ca9, 0x8dcb, 0x960b, 0xc773, 0xe7fa, 
	0xfffe, 0xffff, 0xdfda, 0x7ced, 0x4b47, 0xa5f2, 0xfffe, 0xf7fd, 0xc734, 0x85ac, 0x85cb, 0x5ca8, 0x2aa5, 0x748f, 0xf7ff, 0xffff, 
	0xffff, 0xffff, 0xffff, 0xffff, 0xfffe, 0xfffe, 0xffff, 0xffff, 0xffff, 0xffff, 0xffff, 0xffff, 0xffff, 0xffff, 0xffff, 0xffff, 
	0xffff, 0xffff, 0xffff, 0xffff, 0xffff, 0xffff, 0xffff, 0xffff, 0xfffe, 0xfffe, 0xffff, 0xffff, 0xffff, 0xffff, 0xffff, 0xffff, 
	0xffff, 0xffff, 0xffff, 0xffff, 0xffff, 0xffff, 0xffff, 0xffff, 0xffff, 0xffff, 0xffff, 0xffff, 0xffff, 0xffff, 0xffff, 0xffff, 
	0xffff, 0xffff, 0xffff, 0xffff, 0xffff, 0xffff, 0xffff, 0xffff, 0xffff, 0xffff, 0xffff, 0xffff, 0xffff, 0xffff, 0xffff, 0xffff, 
	0xffff, 0xffff, 0xffff, 0xffff, 0xffff, 0xffff, 0xffff, 0xffff, 0xffff, 0xffff, 0xffff, 0xffff, 0xffff, 0xffff, 0xffff, 0xffff, 
	0xffff, 0xffff, 0xffff, 0xffff, 0xffff, 0xffff, 0xffff, 0xffff, 0xffff, 0xffde, 0xffff, 0xffff, 0xffff, 0xffff, 0xffdf, 0xffff, 
	0xffff, 0xffff, 0xffff, 0xffff, 0xffff, 0xffff, 0xffff, 0xffff, 0xffff, 0xffff, 0xffff, 0xffff, 0xffff, 0xffff, 0xffff, 0xffff, 
	0xffff, 0xffff, 0xffff, 0xffff, 0xffff, 0xffff, 0xffff, 0xffff, 0xffff, 0xffff, 0xffff, 0xffff, 0xffff, 0xffff, 0xffff, 0xffff, 
	0xffff, 0xffff, 0xffff, 0xffff, 0xffff, 0xffff, 0xffff, 0xffff, 0xffff, 0xffff, 0xffff, 0xffff, 0xffff, 0xffff, 0xffff, 0xffff, 
	0xffff, 0xf7fe, 0xffff, 0xffff, 0xffff, 0xffff, 0xffff, 0xffff, 0xffff, 0xffdf, 0xffff, 0xfffe, 0xfffd, 0xfffd, 0xfffc, 0xf7fc, 
	0xf7fc, 0xf7fd, 0xf7fe, 0xffff, 0xffdf, 0xffff, 0xffff, 0xef9d, 0x742e, 0x5349, 0x5388, 0x4ba7, 0x4364, 0x5465, 0x5ce6, 0x8e4b, 
	0x9eae, 0x9e4f, 0x4b87, 0x4b48, 0x4347, 0x4365, 0x6d29, 0x8e6b, 0x75e9, 0x54a6, 0x5428, 0x4347, 0x4307, 0x4b09, 0x42e9, 0x4309, 
	0x9e30, 0xb773, 0x860b, 0x5cc6, 0x5c87, 0x43c5, 0x4bc7, 0x4387, 0x3b07, 0x4b08, 0x42e8, 0x4ae9, 0x4b0a, 0x42e9, 0x4309, 0x4308, 
	0x4be6, 0x4366, 0x4307, 0x4b09, 0x4aea, 0x4aca, 0x4aea, 0x4b09, 0x4328, 0x4328, 0x4327, 0x4366, 0x7d49, 0x8e0b, 0x9e8d, 0xbf33, 
	0xf7fc, 0xf7fd, 0xae93, 0x6449, 0x4b67, 0xb674, 0xf7fd, 0xdfb9, 0x8dac, 0x7daa, 0x7d8b, 0x3b45, 0x5beb, 0xd73b, 0xffff, 0xffff, 
	0xffff, 0xffff, 0xffff, 0xffff, 0xffff, 0xfffe, 0xffff, 0xffff, 0xffff, 0xffff, 0xffff, 0xffdf, 0xffff, 0xffff, 0xffff, 0xffff, 
	0xffff, 0xffdf, 0xffff, 0xffff, 0xffff, 0xffff, 0xffff, 0xffff, 0xfffe, 0xfffe, 0xffff, 0xffff, 0xffff, 0xffff, 0xffff, 0xffff, 
	0xffff, 0xffff, 0xffff, 0xffff, 0xffff, 0xffff, 0xffff, 0xffff, 0xffff, 0xffff, 0xffff, 0xffff, 0xffff, 0xffff, 0xffff, 0xffff, 
	0xffff, 0xffff, 0xffff, 0xffff, 0xffff, 0xffff, 0xffff, 0xffff, 0xffff, 0xffff, 0xffff, 0xffff, 0xffff, 0xffff, 0xffff, 0xffff, 
	0xffff, 0xffff, 0xffff, 0xffff, 0xffff, 0xffff, 0xffff, 0xffff, 0xffff, 0xffff, 0xffff, 0xffff, 0xffff, 0xffff, 0xffff, 0xffff, 
	0xffff, 0xffff, 0xffff, 0xffff, 0xffff, 0xffff, 0xffff, 0xffde, 0xffff, 0xffff, 0xffff, 0xffff, 0xffdf, 0xffff, 0xffff, 0xffff, 
	0xffff, 0xffff, 0xffff, 0xffff, 0xffff, 0xffff, 0xffff, 0xffff, 0xffff, 0xffff, 0xffff, 0xffff, 0xffff, 0xffff, 0xffff, 0xffff, 
	0xffff, 0xffff, 0xffff, 0xffff, 0xffff, 0xffff, 0xffff, 0xffff, 0xffff, 0xffff, 0xffff, 0xffff, 0xffff, 0xffff, 0xffff, 0xffff, 
	0xffff, 0xffff, 0xffff, 0xffff, 0xffff, 0xffde, 0xffff, 0xffff, 0xffff, 0xffff, 0xffff, 0xffff, 0xffff, 0xffff, 0xffff, 0xffff, 
	0xffff, 0xffff, 0xffff, 0xffff, 0xffff, 0xffff, 0xffff, 0xfffe, 0xffff, 0xfffe, 0xf7fd, 0xf7fd, 0xfffb, 0xd715, 0xbeb3, 0xbed3, 
	0xbef3, 0xbed4, 0xf7fc, 0xfffe, 0xffff, 0xffff, 0xfffe, 0xfffd, 0xadf4, 0x42c7, 0x5388, 0x6469, 0x5c67, 0x5ca6, 0x4423, 0x7589, 
	0x8e6b, 0xa6cf, 0x8daf, 0x4b68, 0x4367, 0x4ba5, 0x860b, 0x96ac, 0x75c9, 0x5cc8, 0x4367, 0x4327, 0x42e8, 0x4b08, 0x4308, 0x4346, 
	0x964e, 0x8e2b, 0x7548, 0x5486, 0x4be6, 0x4386, 0x4ba8, 0x4367, 0x4328, 0x4308, 0x4b09, 0x4ae9, 0x42a8, 0x4b0a, 0x4b09, 0x42e9, 
	0x4ba8, 0x4367, 0x4327, 0x4b28, 0x4ae8, 0x4ae9, 0x4ae9, 0x4ae9, 0x4308, 0x4308, 0x4308, 0x3b06, 0x53e7, 0x85ab, 0x8e2b, 0x962c, 
	0xb6b2, 0xa631, 0x5c27, 0x6489, 0x53c8, 0xa613, 0xf7fc, 0xb673, 0x7d8a, 0x7d89, 0x64c9, 0x3b26, 0xa5f4, 0xffff, 0xffde, 0xffdf, 
	0xffff, 0xffff, 0xffff, 0xffff, 0xffff, 0xffff, 0xffff, 0xffff, 0xffff, 0xffff, 0xffff, 0xffff, 0xffff, 0xffff, 0xffff, 0xffff, 
	0xffff, 0xffff, 0xffff, 0xffff, 0xffff, 0xffff, 0xffff, 0xffff, 0xffff, 0xffff, 0xffff, 0xffff, 0xffff, 0xffff, 0xffff, 0xffff, 
	0xffff, 0xffff, 0xffff, 0xffff, 0xffff, 0xffff, 0xffff, 0xffff, 0xffff, 0xffff, 0xffff, 0xffff, 0xffff, 0xffff, 0xffff, 0xffff, 
	0xffff, 0xffff, 0xffff, 0xffff, 0xffff, 0xffff, 0xffff, 0xffff, 0xffff, 0xffff, 0xffff, 0xffff, 0xffff, 0xffff, 0xffff, 0xffff, 
	0xffff, 0xffff, 0xffff, 0xffff, 0xffff, 0xffff, 0xffff, 0xffff, 0xffff, 0xffff, 0xffff, 0xffff, 0xffff, 0xffff, 0xffff, 0xffff, 
	0xffff, 0xffff, 0xffff, 0xffdf, 0xffff, 0xffff, 0xffff, 0xffff, 0xffff, 0xffff, 0xffff, 0xffff, 0xffff, 0xffff, 0xffff, 0xffff, 
	0xffff, 0xffff, 0xffff, 0xffff, 0xffff, 0xffff, 0xffff, 0xffff, 0xffff, 0xffff, 0xffff, 0xffff, 0xffff, 0xffff, 0xffff, 0xffff, 
	0xffff, 0xffff, 0xffff, 0xffff, 0xffff, 0xffff, 0xffff, 0xffff, 0xffff, 0xfffe, 0xffff, 0xffff, 0xffff, 0xffff, 0xffff, 0xffff, 
	0xffff, 0xffff, 0xffff, 0xffff, 0xffde, 0xffff, 0xfffe, 0xffff, 0xffff, 0xffff, 0xffdf, 0xffff, 0xffff, 0xffde, 0xffff, 0xffff, 
	0xffff, 0xffff, 0xffff, 0xffff, 0xffff, 0xffff, 0xffdf, 0xffff, 0xfffe, 0xf7fc, 0xe7f9, 0xbf13, 0xbf31, 0xa66d, 0x964b, 0x964b, 
	0x964b, 0x960d, 0xae72, 0xeffc, 0xf7fe, 0xf7fd, 0xb674, 0x9e11, 0x7d2d, 0x3b25, 0x4366, 0x5c49, 0x64a8, 0x5c87, 0x4c46, 0x5ce7, 
	0x7e09, 0x9ecd, 0x962f, 0x3b25, 0x3b24, 0x7d6b, 0x966c, 0x6546, 0x6508, 0x5448, 0x4347, 0x4b28, 0x4b09, 0x42e8, 0x4325, 0x6cc8, 
	0x8e2a, 0x85e9, 0x64e8, 0x5407, 0x3b46, 0x3b07, 0x53c9, 0x4b88, 0x4308, 0x4b29, 0x4b08, 0x4b08, 0x4ae9, 0x4ae9, 0x42e9, 0x42e9, 
	0x4327, 0x4b68, 0x4307, 0x4307, 0x4b27, 0x4ae7, 0x42c8, 0x4ae9, 0x4b09, 0x4308, 0x4b49, 0x4307, 0x32e4, 0x4bc5, 0x85ca, 0x8deb, 
	0x8d8d, 0x5c07, 0x43a4, 0x64a9, 0x3b06, 0xae54, 0xe7fa, 0x74ea, 0x7d89, 0x64c7, 0x3b45, 0x7cef, 0xf7fd, 0xffff, 0xffff, 0xffdf, 
	0xffff, 0xffff, 0xffff, 0xffff, 0xffff, 0xffff, 0xffff, 0xffff, 0xffff, 0xffff, 0xfffe, 0xfffe, 0xfffe, 0xffde, 0xffff, 0xffff, 
	0xffff, 0xffff, 0xffdf, 0xffff, 0xfffe, 0xffff, 0xffff, 0xffff, 0xffff, 0xffff, 0xffff, 0xffff, 0xffff, 0xffff, 0xffff, 0xffff, 
	0xffff, 0xffff, 0xffff, 0xffff, 0xffff, 0xffff, 0xffff, 0xffff, 0xffff, 0xffff, 0xffff, 0xffff, 0xffff, 0xffff, 0xffff, 0xffff, 
	0xffff, 0xffff, 0xffff, 0xffff, 0xffff, 0xffff, 0xffff, 0xffff, 0xffff, 0xffff, 0xffff, 0xffff, 0xffff, 0xffff, 0xffff, 0xffff, 
	0xffff, 0xffff, 0xffff, 0xffff, 0xffff, 0xffff, 0xffff, 0xffff, 0xffff, 0xffff, 0xffff, 0xffff, 0xffff, 0xffff, 0xffff, 0xffff, 
	0xffff, 0xffff, 0xffff, 0xffdf, 0xffff, 0xffff, 0xf7be, 0xffff, 0xffff, 0xffff, 0xffff, 0xffff, 0xffff, 0xffff, 0xffff, 0xffff, 
	0xffff, 0xffff, 0xffff, 0xffff, 0xffff, 0xffff, 0xffff, 0xffff, 0xffff, 0xffff, 0xffff, 0xffff, 0xffff, 0xffff, 0xffff, 0xffff, 
	0xffff, 0xffff, 0xffff, 0xffff, 0xffff, 0xffff, 0xffff, 0xffff, 0xffff, 0xffff, 0xffff, 0xffff, 0xffff, 0xfffe, 0xffff, 0xffff, 
	0xffff, 0xffff, 0xffff, 0xffff, 0xfffe, 0xfffe, 0xffdd, 0xfffe, 0xffff, 0xffff, 0xffff, 0xffff, 0xffff, 0xffff, 0xffff, 0xffff, 
	0xffff, 0xffff, 0xffff, 0xffff, 0xffff, 0xffff, 0xfffe, 0xf7fd, 0xefda, 0xbed3, 0xaef1, 0x964c, 0x964b, 0x966b, 0x85e8, 0x6d05, 
	0x6d06, 0x6486, 0x4b65, 0x7c8d, 0xcf39, 0xd779, 0x9e10, 0x85ac, 0x8e2d, 0x754a, 0x3b44, 0x3b64, 0x4bc5, 0x5c88, 0x4c26, 0x54a6, 
	0x75c8, 0x9f0d, 0x7d8a, 0x4384, 0x3b23, 0x858c, 0x860b, 0x5ce6, 0x5447, 0x3b66, 0x4328, 0x42c8, 0x4ae9, 0x4b07, 0x4344, 0x85aa, 
	0x8e09, 0x6506, 0x5c28, 0x4347, 0x3ae7, 0x4308, 0x4327, 0x4b68, 0x4308, 0x4308, 0x4307, 0x42e7, 0x4b09, 0x42c8, 0x4309, 0x4309, 
	0x42e7, 0x4307, 0x4307, 0x53a8, 0x84ec, 0x5bc8, 0x42c8, 0x42e9, 0x42c8, 0x4b08, 0x4327, 0x5be9, 0x4ba8, 0x3b44, 0x7509, 0x858b, 
	0x53e7, 0x32c3, 0x8dcd, 0x95ee, 0x3284, 0xa633, 0xa650, 0x7509, 0x7daa, 0x5cc8, 0x3b26, 0xd77a, 0xf7fe, 0xf7fe, 0xf79d, 0xffdf, 
	0xffdf, 0xffdf, 0xffff, 0xffff, 0xffff, 0xffff, 0xffff, 0xffff, 0xffff, 0xffff, 0xfffd, 0xe77a, 0xf7dd, 0xfffe, 0xffff, 0xffff, 
	0xffff, 0xffff, 0xfffe, 0xef9d, 0xffff, 0xfffe, 0xffff, 0xffff, 0xffff, 0xffdf, 0xffff, 0xffff, 0xffff, 0xffff, 0xffff, 0xffff, 
	0xffff, 0xffff, 0xffff, 0xffff, 0xffff, 0xffff, 0xffff, 0xffff, 0xffff, 0xffff, 0xffff, 0xffff, 0xffff, 0xffff, 0xffff, 0xffff, 
	0xffff, 0xffff, 0xffff, 0xffff, 0xffff, 0xffff, 0xffff, 0xffff, 0xffff, 0xffff, 0xfffe, 0xffff, 0xffff, 0xffff, 0xffff, 0xffff, 
	0xffff, 0xffff, 0xffff, 0xffff, 0xffff, 0xffff, 0xffff, 0xffff, 0xffff, 0xffff, 0xffff, 0xfffe, 0xffff, 0xffff, 0xffff, 0xffff, 
	0xffff, 0xffff, 0xffff, 0xffff, 0xfffe, 0xf7dd, 0xffff, 0xffff, 0xffff, 0xffff, 0xffff, 0xfffe, 0xffdf, 0xffff, 0xffde, 0xfffe, 
	0xfffe, 0xffff, 0xffff, 0xffff, 0xffff, 0xffff, 0xffff, 0xffff, 0xffff, 0xffff, 0xffff, 0xffff, 0xffff, 0xffff, 0xffff, 0xffff, 
	0xffff, 0xffff, 0xffff, 0xffff, 0xfffe, 0xffff, 0xffff, 0xffff, 0xffff, 0xffff, 0xffff, 0xfffe, 0xfffe, 0xffff, 0xffff, 0xffff, 
	0xffff, 0xffff, 0xffff, 0xffff, 0xfffd, 0xef9b, 0xf7dc, 0xfffe, 0xffff, 0xffff, 0xffff, 0xffff, 0xffde, 0xfffe, 0xfffe, 0xffff, 
	0xffff, 0xffff, 0xffff, 0xffff, 0xffde, 0xfffe, 0xf7fd, 0xcf36, 0x9e2e, 0x9e6d, 0x860a, 0x6d27, 0x5484, 0x5ca6, 0x5425, 0x4bc4, 
	0x6ca9, 0x8d6e, 0x8d2f, 0x9530, 0x84ef, 0x4306, 0x856c, 0x9e8d, 0x8e2a, 0x8e2a, 0x7d89, 0x3b83, 0x3b84, 0x4c07, 0x43e6, 0x5487, 
	0x6546, 0x8e6a, 0x9eac, 0x6d08, 0x3323, 0x5c48, 0x64c8, 0x5466, 0x4bc7, 0x3b07, 0x4288, 0x4aa9, 0x4ac8, 0x42e6, 0x4344, 0x7d4a, 
	0x7d6a, 0x43a5, 0x3b07, 0x42e8, 0x4b09, 0x4b09, 0x42e7, 0x4307, 0x42e8, 0x4308, 0x7ced, 0x640a, 0x3ac7, 0x4309, 0x42e8, 0x3ae8, 
	0x42e8, 0x4b08, 0x4b28, 0x3ae6, 0x7d0b, 0x5c08, 0x42e8, 0x42a8, 0x4ae9, 0x42e7, 0x3ae6, 0x7ccd, 0x6cac, 0x32e5, 0x4365, 0x6caa, 
	0x4366, 0x2ac3, 0x960e, 0xa670, 0x32c5, 0x95d1, 0x7d6b, 0x6d28, 0x5d07, 0x4c47, 0x74cd, 0xdfdc, 0xc6b8, 0x94f2, 0xa554, 0xffde, 
	0xffdf, 0xffdf, 0xfffe, 0xffff, 0xffff, 0xffff, 0xffff, 0xffff, 0xffff, 0xfffe, 0xefbb, 0xadd3, 0xdf39, 0xfffe, 0xfffe, 0xffff, 
	0xffff, 0xf7de, 0xfffe, 0xd6d9, 0xf7de, 0xffff, 0xffff, 0xffff, 0xffff, 0xffff, 0xffff, 0xfffe, 0xfffe, 0xffff, 0xffff, 0xffff, 
	0xffff, 0xffff, 0xffff, 0xffff, 0xffff, 0xffff, 0xffff, 0xffff, 0xffff, 0xffff, 0xffff, 0xffff, 0xffff, 0xffff, 0xffff, 0xffff, 
	0xffff, 0xffff, 0xffff, 0xffff, 0xffff, 0xffff, 0xffff, 0xffff, 0xffff, 0xfffe, 0xfffe, 0xfffe, 0xffff, 0xffff, 0xffff, 0xffff, 
	0xffff, 0xffff, 0xffff, 0xffff, 0xffff, 0xffff, 0xffff, 0xffff, 0xffff, 0xffff, 0xfffe, 0xfffe, 0xffff, 0xffff, 0xffff, 0xffff, 
	0xffff, 0xffff, 0xffff, 0xfffe, 0xdf59, 0xbe75, 0xf7fd, 0xf7fd, 0xfffe, 0xffff, 0xffff, 0xf7fe, 0xfffe, 0xe77b, 0xdf19, 0xfffe, 
	0xfffe, 0xffff, 0xffff, 0xffff, 0xfffe, 0xfffe, 0xffff, 0xffff, 0xffff, 0xffff, 0xffff, 0xffff, 0xffff, 0xffff, 0xffff, 0xffff, 
	0xffff, 0xffff, 0xffff, 0xfffe, 0xfffe, 0xfffe, 0xffff, 0xffff, 0xffff, 0xffff, 0xffff, 0xfffe, 0xffff, 0xffff, 0xffff, 0xffff, 
	0xffff, 0xffff, 0xffff, 0xfffe, 0xefdb, 0xb5f3, 0xdf58, 0xfffd, 0xfffe, 0xffff, 0xffdf, 0xffff, 0xfffe, 0xe77a, 0xd6f8, 0xfffd, 
	0xffff, 0xffbe, 0xffff, 0xfffe, 0xfffe, 0xf7fd, 0xc755, 0x9e4f, 0x966d, 0x85e9, 0x5c84, 0x5c85, 0x5425, 0x53e6, 0x95cf, 0x9dd0, 
	0xcf38, 0xf7fd, 0xf7fd, 0xf7fd, 0xe7bb, 0x9db1, 0x5c28, 0x7528, 0x8609, 0x8629, 0x8e4a, 0x85eb, 0x43a4, 0x3324, 0x43a5, 0x4c06, 
	0x54c5, 0x96ab, 0x9ecc, 0x64e6, 0x3b43, 0x5c28, 0x5c48, 0x3b24, 0x4326, 0x5349, 0xadb5, 0xc658, 0xc677, 0x63aa, 0x4325, 0x74eb, 
	0x4386, 0x3b26, 0x4307, 0x4308, 0x4b09, 0x42e7, 0x4307, 0x42e7, 0x4b49, 0x4307, 0x6469, 0x6c8a, 0x3ae6, 0x42e8, 0x4308, 0x4308, 
	0x4ac8, 0x42c8, 0x4309, 0x3ae6, 0x74ea, 0x6448, 0x32a5, 0x4b08, 0x42a8, 0x42c8, 0x4307, 0x5bc9, 0x642b, 0x32e6, 0x4347, 0x53c8, 
	0x5c28, 0x5c68, 0x6cea, 0x8dce, 0x7d0e, 0x9df1, 0x5c87, 0x75a9, 0x5cc7, 0x5468, 0x8d90, 0x8d51, 0x42a8, 0x9d33, 0xf7de, 0xffff, 
	0xffff, 0xffff, 0xfffe, 0xfffe, 0xffff, 0xffff, 0xffff, 0xffff, 0xffff, 0xfffd, 0xeffa, 0xadf1, 0xd736, 0xf7fb, 0xf7fe, 0xffff, 
	0xffff, 0xf7fe, 0xe7ba, 0xc696, 0xf7dd, 0xffff, 0xffff, 0xfffe, 0xfffe, 0xfffe, 0xffff, 0xffff, 0xffff, 0xffff, 0xffff, 0xfffe, 
	0xffff, 0xffff, 0xffff, 0xffff, 0xffff, 0xffff, 0xffff, 0xffff, 0xffff, 0xffff, 0xffff, 0xffff, 0xffff, 0xfffe, 0xffff, 0xffff, 
	0xffff, 0xffff, 0xfffe, 0xfffe, 0xffff, 0xffff, 0xffff, 0xffff, 0xffff, 0xffff, 0xffff, 0xffff, 0xffff, 0xffff, 0xffff, 0xffff, 
	0xfffe, 0xfffe, 0xffff, 0xffff, 0xffff, 0xffff, 0xffff, 0xffff, 0xffff, 0xffff, 0xfffe, 0xfffe, 0xffff, 0xffff, 0xffff, 0xffff, 
	0xffff, 0xffff, 0xffff, 0xfffe, 0xd736, 0xae30, 0xe7f8, 0xf7fb, 0xf7fd, 0xffff, 0xffde, 0xf7fd, 0xf7fb, 0xbe94, 0xc695, 0xfffd, 
	0xfffe, 0xffff, 0xfffe, 0xfffe, 0xfffe, 0xfffe, 0xffff, 0xffff, 0xffff, 0xffff, 0xffff, 0xffff, 0xffff, 0xffff, 0xffff, 0xffff, 
	0xffff, 0xffff, 0xfffe, 0xfffe, 0xfffe, 0xfffe, 0xffff, 0xffff, 0xffff, 0xffff, 0xfffe, 0xfffe, 0xffff, 0xffff, 0xffff, 0xffff, 
	0xffde, 0xffff, 0xffff, 0xffff, 0xf7fc, 0xadf3, 0xdf78, 0xfffc, 0xf7fd, 0xffff, 0xffff, 0xfffe, 0xeffb, 0xbe94, 0xbe73, 0xfffc, 
	0xffff, 0xffdf, 0xffff, 0xf7fe, 0xf7fc, 0xcf76, 0x9e4e, 0x7dc9, 0x6d47, 0x5464, 0x4be4, 0x4b84, 0x9daf, 0xdf58, 0xf7fd, 0xfffe, 
	0xffff, 0xf7ff, 0xffff, 0xffff, 0xfffe, 0xf7fd, 0xb674, 0x53a6, 0x5c86, 0x9e8c, 0x968b, 0x968c, 0x7d8a, 0x3b64, 0x3b46, 0x4ba6, 
	0x64c6, 0x968b, 0x9eab, 0x64e6, 0x3323, 0x53e9, 0x4367, 0x42e6, 0x744d, 0xefdc, 0xffff, 0xffff, 0xffff, 0x740e, 0x3ac6, 0x5be9, 
	0x4b68, 0x3b06, 0x4326, 0x3ae5, 0x4306, 0x4327, 0x42e8, 0x4308, 0x42e8, 0x3ae6, 0x6cc9, 0x6cc9, 0x32a4, 0x4308, 0x3ac7, 0x3aa7, 
	0x42e9, 0x42e8, 0x3b08, 0x32e5, 0x7529, 0x8dec, 0x4345, 0x3ac6, 0x746e, 0x5b8b, 0x3aa6, 0x5ba9, 0x6c4c, 0x4b49, 0x3ae7, 0x4347, 
	0x5c49, 0x6489, 0x64a9, 0x5c49, 0x852f, 0xae73, 0x5425, 0x5cc6, 0x5cc8, 0x5c89, 0x3b06, 0x4b08, 0xb636, 0xffff, 0xffff, 0xfffe, 
	0xfffe, 0xfffe, 0xffff, 0xffff, 0xfffe, 0xffff, 0xffff, 0xffff, 0xfffe, 0xfffd, 0xeffa, 0xadf0, 0xae30, 0xbeb3, 0xeffa, 0xf7fd, 
	0xf7fe, 0xf7fd, 0xcef6, 0xcef6, 0xfffd, 0xfffe, 0xfffe, 0xfffe, 0xef9c, 0xf7dd, 0xfffe, 0xffff, 0xffff, 0xffff, 0xf7bd, 0xf79c, 
	0xfffe, 0xfffe, 0xfffe, 0xfffe, 0xffff, 0xffff, 0xffff, 0xffff, 0xffff, 0xffff, 0xffff, 0xffff, 0xfffe, 0xfffe, 0xfffe, 0xffff, 
	0xffff, 0xffff, 0xfffe, 0xfffe, 0xffff, 0xffff, 0xffff, 0xfffe, 0xfffe, 0xffff, 0xffff, 0xffff, 0xfffe, 0xfffe, 0xfffe, 0xfffe, 
	0xfffe, 0xfffe, 0xfffe, 0xffff, 0xffff, 0xffff, 0xffff, 0xffff, 0xffff, 0xffff, 0xffff, 0xffff, 0xffff, 0xffff, 0xffff, 0xffff, 
	0xffff, 0xffff, 0xffde, 0xfffd, 0xd735, 0xa5ee, 0xae70, 0xbed3, 0xfffc, 0xfffe, 0xfffe, 0xfffd, 0xdfb6, 0xae10, 0xd716, 0xfffd, 
	0xffff, 0xffdf, 0xf7fd, 0xf7fd, 0xfffe, 0xfffe, 0xffff, 0xffdf, 0xffff, 0xffff, 0xffff, 0xffff, 0xffff, 0xfffe, 0xfffe, 0xfffe, 
	0xffff, 0xfffe, 0xfffd, 0xfffd, 0xfffe, 0xfffe, 0xffff, 0xffff, 0xffff, 0xfffe, 0xffde, 0xf7de, 0xf7df, 0xffff, 0xffff, 0xffff, 
	0xffff, 0xffff, 0xffff, 0xffff, 0xf7fc, 0xb613, 0xb673, 0xbeb4, 0xe79a, 0xf7fc, 0xfffd, 0xeffb, 0xc713, 0xa62f, 0xc6f4, 0xf7fb, 
	0xfffe, 0xffff, 0xffff, 0xf7fd, 0xcf76, 0x960e, 0x966c, 0x64e7, 0x4be4, 0x9e0f, 0xae92, 0xae32, 0xe779, 0xfffd, 0xffff, 0xffff, 
	0xffff, 0xffff, 0xf7ff, 0xbe17, 0xb5d6, 0xbe57, 0xf7fd, 0xae53, 0x4bc5, 0x6d28, 0x8e4b, 0x968c, 0x96ad, 0x5c66, 0x3b24, 0x4366, 
	0x5c66, 0x966c, 0x9eab, 0x964b, 0x5407, 0x32e5, 0x5bca, 0xd759, 0xefbc, 0xffff, 0xffff, 0xffff, 0xffff, 0x6bee, 0x3aa7, 0x3ae7, 
	0x42e7, 0x3ae6, 0x6c89, 0x8dcd, 0x6468, 0x32c3, 0x3ae6, 0x3b07, 0x3ae7, 0x32e5, 0x6487, 0x964d, 0x4bc6, 0x32c5, 0x6c2c, 0x63cc, 
	0x42c7, 0x4307, 0x4ba7, 0x43a5, 0x7587, 0xa70d, 0x7d4a, 0x32a4, 0x9572, 0x6bed, 0x3aa6, 0x3ac6, 0x748d, 0x84ef, 0x3aa7, 0x4307, 
	0x4ba6, 0x64a9, 0x64aa, 0x3305, 0x646c, 0x8db0, 0x5427, 0x5446, 0x5448, 0x4be8, 0x4b69, 0xced9, 0xf7fe, 0xffff, 0xffff, 0xf7bd, 
	0xefbc, 0xf7fe, 0xffff, 0xf7df, 0xffff, 0xffff, 0xffff, 0xffff, 0xf7dc, 0xef9a, 0xefba, 0xd716, 0xbeb1, 0x9ded, 0xbf12, 0xdff6, 
	0xf7fb, 0xd757, 0xae31, 0xe7d9, 0xfffd, 0xfffe, 0xfffe, 0xfffe, 0xdf5a, 0xdf59, 0xf7fd, 0xf7fd, 0xffff, 0xffff, 0xfffe, 0xce97, 
	0xf7bc, 0xfffe, 0xfffe, 0xfffe, 0xffff, 0xffff, 0xffff, 0xffdf, 0xffdf, 0xffff, 0xfffe, 0xfffe, 0xfffe, 0xffde, 0xfffe, 0xffff, 
	0xffff, 0xfffe, 0xfffe, 0xfffe, 0xffff, 0xffff, 0xfffe, 0xfffd, 0xfffd, 0xfffe, 0xfffe, 0xffdd, 0xfffd, 0xfffd, 0xfffe, 0xffff, 
	0xffff, 0xfffe, 0xfffe, 0xf7dd, 0xe75b, 0xfffe, 0xffff, 0xffff, 0xffff, 0xffff, 0xffdf, 0xffff, 0xffff, 0xffff, 0xffff, 0xffff, 
	0xffff, 0xffff, 0xfffd, 0xfffd, 0xdf78, 0xb672, 0xa62e, 0xa60e, 0xdf76, 0xf7fb, 0xf7fd, 0xefda, 0xbeb0, 0xa60d, 0xced5, 0xfffe, 
	0xffff, 0xffff, 0xdf19, 0xe75a, 0xffff, 0xffff, 0xffff, 0xffff, 0xffff, 0xffff, 0xffff, 0xffff, 0xffff, 0xfffe, 0xf7fd, 0xeffc, 
	0xf7bd, 0xf7fd, 0xf7fa, 0xc6b5, 0xeffb, 0xfffd, 0xfffe, 0xfffe, 0xfffe, 0xfffd, 0xfffd, 0xc697, 0xe75b, 0xffff, 0xfffe, 0xfffe, 
	0xffff, 0xffff, 0xffde, 0xfffe, 0xfffd, 0xdf39, 0xcf17, 0xb653, 0xbe73, 0xf7f9, 0xf7fa, 0xc753, 0xa66d, 0xa64d, 0xbeb3, 0xf7fc, 
	0xfffd, 0xfffe, 0xf7fe, 0xe7fb, 0x9e6f, 0x964c, 0x858a, 0x6ca9, 0xbeb4, 0xf7fc, 0xfffd, 0xfffe, 0xfffe, 0xffff, 0xfffe, 0xfffe, 
	0xf7fe, 0xbe78, 0x84b0, 0x42a8, 0x3a27, 0x3a27, 0x848f, 0xeffc, 0xb6d3, 0x2b01, 0x5d07, 0x864a, 0x96cb, 0x968b, 0x6447, 0x32c3, 
	0x4345, 0x53e6, 0x966c, 0xa6ce, 0x5c68, 0x2a64, 0x63ec, 0xffff, 0xffff, 0xffdf, 0xffde, 0xffff, 0xdf3b, 0x63ad, 0x3aa7, 0x42e7, 
	0x42c7, 0x63e9, 0x95ed, 0x9e8d, 0x8e0b, 0x64e8, 0x4386, 0x32e5, 0x4b88, 0x4386, 0x6d07, 0xa6ee, 0x85ab, 0x32e3, 0x850f, 0x744e, 
	0x4345, 0x3b04, 0x4be7, 0x4c25, 0x6d66, 0xa70c, 0x85ca, 0x32e2, 0x3ae6, 0x42e8, 0x42e7, 0x3aa6, 0x5389, 0x746d, 0x4b08, 0x3ae6, 
	0x4b86, 0x53e7, 0x53e9, 0x3b47, 0x3ae7, 0x4348, 0x5c69, 0x5c28, 0x3b45, 0x3b26, 0x4329, 0xe7bc, 0xfffe, 0xf7fd, 0xfffe, 0xe73a, 
	0xcef7, 0xf7fc, 0xf7fe, 0xffff, 0xffff, 0xffde, 0xffff, 0xfffe, 0xef9a, 0xadb1, 0xefda, 0xf7fc, 0xdfd6, 0xb6cf, 0xa68c, 0xaead, 
	0xd7f4, 0xb6d1, 0xa5ef, 0xe7f8, 0xfffc, 0xef9c, 0xef5b, 0xfffd, 0xd738, 0xdf99, 0xdf78, 0xbe75, 0xfffe, 0xfffe, 0xf7fc, 0xd6d7, 
	0xf7fb, 0xefba, 0xe799, 0xf7fc, 0xfffe, 0xffff, 0xffdf, 0xffff, 0xffff, 0xffff, 0xfffd, 0xef9b, 0xded9, 0xffde, 0xffff, 0xf7fe, 
	0xfffe, 0xfffd, 0xdf59, 0xc696, 0xf7fc, 0xfffd, 0xf7fb, 0xd717, 0xceb8, 0xfffe, 0xfffe, 0xf7dc, 0xce96, 0xf7fb, 0xfffd, 0xe75a, 
	0xdefa, 0xffff, 0xfffd, 0xf7bb, 0xce95, 0xfffc, 0xfffd, 0xffff, 0xfffe, 0xfffe, 0xffff, 0xffde, 0xfffe, 0xfffe, 0xffff, 0xffff, 
	0xffff, 0xf7dd, 0xfffd, 0xfffc, 0xfffd, 0xf7fb, 0xd774, 0xa62e, 0xa60f, 0xdfb7, 0xf7fc, 0xc6f6, 0xae2f, 0xcf33, 0xe7b8, 0xf7fc, 
	0xfffe, 0xfffe, 0xd717, 0xe779, 0xf7fd, 0xfffe, 0xf7dd, 0xfffe, 0xffff, 0xffff, 0xffff, 0xfffe, 0xfffd, 0xf7fb, 0xc6b5, 0xbe74, 
	0xdf59, 0xefda, 0xbef2, 0xae70, 0xdfd8, 0xf7fb, 0xf7fc, 0xe75a, 0xdf39, 0xfffd, 0xfffc, 0xc6b6, 0xdf59, 0xf7fd, 0xfffe, 0xfffe, 
	0xffff, 0xfffe, 0xffdd, 0xef7b, 0xfffe, 0xfffd, 0xf7fb, 0xe7d8, 0xbeb2, 0xe7f6, 0xcf93, 0xa64d, 0x9e4b, 0xaeae, 0xd795, 0xeffa, 
	0xf7fb, 0xfffd, 0xfffd, 0xe7fb, 0x9e6f, 0x7d8a, 0x6ca9, 0xd797, 0xfffc, 0xfffd, 0xf7fe, 0xfffe, 0xfffe, 0xfffe, 0xfffd, 0xcf18, 
	0x9db2, 0x5baa, 0x4b08, 0x3a67, 0x52ea, 0x6bce, 0x742e, 0xa5f4, 0x9611, 0x43c5, 0x3c03, 0x75c8, 0x96e9, 0xa6eb, 0x6ce8, 0x3b04, 
	0x3ae5, 0x3b05, 0x7d29, 0xaecf, 0x5c49, 0x2a65, 0x63ac, 0xffff, 0xffff, 0xffff, 0xffff, 0xdf1b, 0x5b6b, 0x3a87, 0x42c8, 0x3aa7, 
	0x5329, 0x850e, 0x7509, 0x5cc5, 0x7588, 0x9eee, 0x85ec, 0x3363, 0x43a6, 0x4c06, 0x7567, 0xa6ec, 0x8e0a, 0x3302, 0x4327, 0x3ac7, 
	0x9e6c, 0x5465, 0x4404, 0x4c45, 0x6da6, 0xa70b, 0x8608, 0x5444, 0x4365, 0x3ae6, 0x42e8, 0x42c8, 0x42e6, 0x5ba9, 0x4327, 0x4307, 
	0x4307, 0x3ae7, 0x3ae7, 0x3ae7, 0x42e7, 0x4306, 0x5c09, 0x4b87, 0x3b05, 0x32c5, 0x8d31, 0xe7dc, 0xeffa, 0xf7fc, 0xfffd, 0xe779, 
	0xae31, 0xbeb2, 0xd737, 0xfffc, 0xfffe, 0xfffe, 0xfffe, 0xf7fc, 0xe798, 0xadf1, 0xe7b9, 0xf7fb, 0xeff9, 0xc772, 0x9e8b, 0xa6cb, 
	0xaeec, 0xa66c, 0xbf11, 0xe7f8, 0xf7fc, 0xe79b, 0xdf19, 0xfffd, 0xdf78, 0xd777, 0xd796, 0xae31, 0xdf78, 0xf7fc, 0xeffa, 0xc6b4, 
	0xeff9, 0xbe93, 0xae50, 0xe7d7, 0xf7fc, 0xffff, 0xffff, 0xffde, 0xfffe, 0xfffe, 0xe758, 0xdef7, 0xe75b, 0xf7fe, 0xeffd, 0xeffc, 
	0xf7fb, 0xd756, 0xbe93, 0xdfb7, 0xdf96, 0xcf53, 0xbeb0, 0xb691, 0xe7ba, 0xf7fd, 0xfffd, 0xced6, 0xc6b4, 0xfffb, 0xcef5, 0xceb6, 
	0xef9c, 0xffff, 0xfffc, 0xe799, 0xc694, 0xf7fa, 0xf7fc, 0xf7dd, 0xfffe, 0xfffe, 0xfffe, 0xfffd, 0xd6d7, 0xef9a, 0xf7fc, 0xfffd, 
	0xfffe, 0xfffe, 0xef9b, 0xef9b, 0xfffe, 0xfffd, 0xfffc, 0xdfb7, 0xa60e, 0xc753, 0xc735, 0xbed5, 0xd777, 0xf7fa, 0xf7fb, 0xcef6, 
	0xe799, 0xf7fb, 0xd755, 0xdf55, 0xdf98, 0xefda, 0xcef7, 0xe77a, 0xfffe, 0xfffe, 0xfffe, 0xf7fb, 0xd775, 0xc6f2, 0xa60f, 0xd796, 
	0xeff9, 0xcf95, 0xaecd, 0x9eac, 0xb6f0, 0xd7b5, 0xdf96, 0xd736, 0xf7db, 0xe7ba, 0xdf98, 0xc6f4, 0xbeb3, 0xeff9, 0xfffd, 0xfffe, 
	0xfffe, 0xfffe, 0xdf18, 0xce95, 0xf7fc, 0xfffc, 0xeff9, 0xd774, 0xae8e, 0xdff3, 0xaeed, 0xa6ad, 0xd7d5, 0xd7f6, 0xe7f6, 0xb690, 
	0xc6f4, 0xf7fc, 0xeffc, 0xeffb, 0xa651, 0x6ca9, 0x640a, 0xf7fc, 0xe798, 0xdf58, 0xbe76, 0xf7fd, 0xfffd, 0xdf58, 0x9d90, 0x9daf, 
	0x854c, 0x6caa, 0x3aa5, 0x5329, 0xd6f9, 0xf7fe, 0xdf5a, 0x4b28, 0x648a, 0x756a, 0x6527, 0x7607, 0x8e88, 0x9eeb, 0x8e0c, 0x5c28, 
	0x3ae6, 0x3ac5, 0x4385, 0x858d, 0x4bc8, 0x2a85, 0x6bed, 0xfffe, 0xffff, 0xffff, 0xceb9, 0x5b2b, 0x3a68, 0x42c8, 0x3ac6, 0x42e7, 
	0x42c7, 0x4b28, 0x5407, 0x5466, 0x4c84, 0x75e8, 0x9eec, 0x75a8, 0x4c24, 0x4be4, 0x6d46, 0x9ecc, 0x964a, 0x64a6, 0x4b87, 0x4307, 
	0x9eea, 0x96aa, 0x54a5, 0x4403, 0x6da7, 0x96ca, 0x9eca, 0xa6ed, 0x6cc9, 0x32a4, 0x3ac8, 0x3aa8, 0x4327, 0x3ac5, 0x4b67, 0x4b47, 
	0x42e7, 0x42c7, 0x42e8, 0x42e8, 0x42e7, 0x4b48, 0x5388, 0x32e4, 0x4b86, 0x4b87, 0xbed5, 0xe7f9, 0xae71, 0xdfb6, 0xf7fb, 0xeff9, 
	0xb6b0, 0xae8f, 0xb670, 0xdf77, 0xf7fc, 0xf7fc, 0xeffb, 0xd737, 0xdf96, 0xae30, 0xcf55, 0xeff9, 0xd7b5, 0xa66d, 0x9e89, 0x96a8, 
	0x9ea8, 0x9e8a, 0xa6ae, 0xd7d5, 0xeff9, 0xcef5, 0xd757, 0xf7fc, 0xd777, 0xd797, 0xd7b5, 0xa60f, 0xc714, 0xdfb7, 0xdf96, 0xc6f3, 
	0xe7f8, 0xbf12, 0x9e2d, 0xb6b0, 0xe7b9, 0xfffd, 0xffdc, 0xfffd, 0xfffd, 0xfffd, 0xb632, 0xd756, 0xf7fc, 0xe7fb, 0xb6b3, 0xbf13, 
	0xcf73, 0xae8f, 0xbf32, 0xcf93, 0xa66d, 0xa66b, 0xa66b, 0xb6af, 0xeff9, 0xe7fa, 0xdfb8, 0xcf35, 0xb691, 0xeff8, 0xbeb1, 0xbed3, 
	0xf7fc, 0xf7fc, 0xf7fa, 0xbe72, 0xbe71, 0xf7f9, 0xcef6, 0xe77a, 0xfffe, 0xfffe, 0xe779, 0xefd9, 0xbe73, 0xcef4, 0xc6b3, 0xeff9, 
	0xf7fc, 0xefdb, 0xcf36, 0xcf16, 0xe79a, 0xfffd, 0xfffc, 0xdfb6, 0xa64d, 0xb730, 0xaed0, 0xd7b6, 0xf7fb, 0xf7fb, 0xf7f9, 0xbe92, 
	0xb671, 0xf7f9, 0xcf33, 0xd754, 0xc6f3, 0xbef3, 0xcf55, 0xdfd8, 0xeffa, 0xfffc, 0xf7fc, 0xdfd8, 0xa66e, 0x9e2c, 0xb690, 0xe7f6, 
	0xc752, 0x9e6c, 0x9eca, 0x96c9, 0x968b, 0xaf0f, 0xb6ef, 0xc712, 0xeff9, 0xdfb8, 0xcf96, 0xbf12, 0x9e2d, 0xdff5, 0xfffb, 0xfffd, 
	0xfffe, 0xfffd, 0xdf56, 0xbe72, 0xe7b9, 0xf7fb, 0xd775, 0x9e0c, 0xa68c, 0xaeeb, 0xa6eb, 0x9e8b, 0xcfd5, 0xdff7, 0xa6ad, 0xa66c, 
	0xc732, 0xdfd8, 0xd738, 0xeffb, 0x6429, 0x53a7, 0xe7da, 0xf7fb, 0xd775, 0xb6b2, 0x9dd1, 0xa5f2, 0xb652, 0x9daf, 0x5bc6, 0x2260, 
	0x6ca8, 0x6468, 0x4b47, 0xc6d8, 0xeffd, 0xdf5a, 0x6c2d, 0x3ae6, 0x4365, 0x64e8, 0x7e0a, 0x7608, 0x7e26, 0x96ea, 0x6506, 0x3343, 
	0x32c4, 0x3ae6, 0x4385, 0x5407, 0x32e5, 0x2a85, 0x538a, 0xcef8, 0xe77b, 0xbe57, 0x52e9, 0x3a67, 0x42c9, 0x3aa8, 0x3aa6, 0x3ac6, 
	0x3ac5, 0x32c5, 0x4386, 0x4c46, 0x54a5, 0x6545, 0x96e9, 0x96ea, 0x6506, 0x4403, 0x5cc4, 0x968a, 0x9eca, 0xaf0e, 0x74eb, 0x2aa4, 
	0x96e8, 0x96ea, 0x7dea, 0x4444, 0x6d86, 0x9f0b, 0x96c9, 0x9eec, 0x6cc8, 0x32e4, 0x3ac7, 0x42e8, 0x32c5, 0x3ae4, 0x53c7, 0x3b05, 
	0x42c6, 0x4ae8, 0x42a7, 0x42c7, 0x42c7, 0x4b27, 0x3b25, 0x4bc6, 0x7509, 0x6cc8, 0x7d2a, 0xa66f, 0xa68d, 0xa6ae, 0xdff6, 0xe7f8, 
	0xcfb3, 0xbf30, 0xb6f0, 0xb690, 0xe7f7, 0xeff9, 0xc733, 0xb6b1, 0xe7f8, 0xbf11, 0x9e2d, 0xbf71, 0xc7b1, 0x968a, 0x96a8, 0x9ee8, 
	0x9ec8, 0x9ea9, 0x966b, 0xcfd3, 0xcfd3, 0xa64e, 0xbef2, 0xeff9, 0xd776, 0xd796, 0xe7f7, 0x9e0d, 0xd7f4, 0xb6cf, 0xbf31, 0xbf11, 
	0xdff7, 0xaef1, 0x9e8c, 0x9e6c, 0xcf74, 0xd756, 0xd736, 0xf7fb, 0xe7da, 0xeffa, 0xbed2, 0xcf73, 0xe7f7, 0xbf12, 0x9e8c, 0x9eaa, 
	0xa6ab, 0x964a, 0xbf70, 0xaeee, 0x9eaa, 0x9ea9, 0x9ea9, 0xaeec, 0xdff6, 0xaed1, 0xa64e, 0xcfb2, 0xb710, 0xcfd3, 0xaeae, 0xae8f, 
	0xdfb7, 0xeffa, 0xcf74, 0xa64e, 0xbed1, 0xdff6, 0xae50, 0xdfb7, 0xf7fc, 0xf7fc, 0xd755, 0xcf33, 0xbef1, 0xc732, 0xa64d, 0xc711, 
	0xd775, 0xc714, 0xc732, 0xbf32, 0xc713, 0xeff8, 0xe7f7, 0xb6d0, 0x9e6b, 0x968b, 0x9e8d, 0xc792, 0xdff7, 0xe7f7, 0xcfb3, 0xa68d, 
	0xae8e, 0xe7f7, 0xcf55, 0xcf55, 0x95ad, 0x856b, 0xb710, 0xbf51, 0xc732, 0xd774, 0xe7f8, 0xcf95, 0x962c, 0xa68d, 0xcfd3, 0xdff5, 
	0xa6ac, 0x96aa, 0x96c8, 0x9709, 0x96ea, 0x9ecb, 0xa6aa, 0xa68c, 0xbef1, 0xdff7, 0xd7f5, 0xb731, 0xa6ac, 0xaece, 0xd795, 0xe7f9, 
	0xf7fa, 0xeffa, 0xeff9, 0xae91, 0xae70, 0xe7f6, 0xcf72, 0xa66c, 0xa6cb, 0x9ec9, 0x9ec9, 0x9eaa, 0xbf71, 0xc7d2, 0x9e8a, 0x9e8a, 
	0xbf90, 0xaeaf, 0xc714, 0xf7fb, 0x5be8, 0x4b45, 0xeff8, 0xcf94, 0xaeef, 0x9e6d, 0x752b, 0x95ee, 0x95ed, 0xae8f, 0x854b, 0x854b, 
	0x6466, 0x854b, 0xae74, 0xcf18, 0x5368, 0x5bca, 0x42e7, 0x53a9, 0x6cab, 0x3343, 0x54c5, 0x9f0c, 0x7e26, 0x8ea8, 0x9f0c, 0x4c64, 
	0x2ae2, 0x4345, 0x7d4a, 0x6ce9, 0x2282, 0x3305, 0x4366, 0x6c6b, 0x3ac6, 0x42c7, 0x42a7, 0x42a8, 0x3a87, 0x3aa7, 0x3ac7, 0x3b06, 
	0x750c, 0x4bc6, 0x2ac3, 0x43c5, 0x4424, 0x6525, 0x96ea, 0x96ea, 0x8629, 0x4422, 0x4c63, 0x8e6a, 0x96a9, 0x9eeb, 0x7529, 0x22a2, 
	0x9728, 0x9709, 0x7e29, 0x4423, 0x6d86, 0x96ca, 0x96a9, 0x9eeb, 0x85ea, 0x3b64, 0x32c5, 0x32c6, 0x4325, 0x7d4c, 0x9e4f, 0x4384, 
	0x32a4, 0x3ac6, 0x42c7, 0x42c7, 0x3aa6, 0x3ac5, 0x3b03, 0x8e0c, 0xa6ee, 0x7567, 0x3b81, 0x964b, 0x9ecb, 0x9ecb, 0xaf0e, 0xaeee, 
	0xa6ad, 0xb70e, 0xb74e, 0xa6ac, 0xb70f, 0xaeef, 0xa6ad, 0xa6ad, 0xbf71, 0xaeef, 0x9eab, 0x9eca, 0x9eea, 0x96c9, 0x9ee8, 0x96e8, 
	0x96e8, 0x96c9, 0x9eab, 0xb78f, 0xaf2d, 0xa6ac, 0x964c, 0xbf51, 0xcf94, 0xd7b5, 0xdff6, 0x95ec, 0xa68c, 0xa6ab, 0xa6ac, 0xb72f, 
	0xc7b3, 0xa6ce, 0xa72c, 0x96aa, 0xb70f, 0xc731, 0xc732, 0xbef2, 0xb6f2, 0xd7f6, 0xaeef, 0xa6ad, 0xaece, 0x9e8b, 0x7dc5, 0x8ea8, 
	0x9ee9, 0x9ec9, 0x9eeb, 0x9ecb, 0x96c8, 0x9f08, 0x9ee8, 0xa72b, 0xbf91, 0x9e8d, 0xa6cc, 0xa6cb, 0xaf0e, 0xb74f, 0x9eab, 0x9e6b, 
	0xa68f, 0xd7f5, 0xb70e, 0x9e4b, 0xb6ef, 0xd7f3, 0xa68e, 0xb6d0, 0xcf75, 0xe7f8, 0xc751, 0xa66c, 0xa68d, 0xbf70, 0xa6ab, 0x9e6b, 
	0xae8e, 0xcfb3, 0xaeed, 0xa6ed, 0xb70f, 0xaeae, 0xaece, 0x9e8c, 0x9eca, 0x96ca, 0x96ca, 0xa6ec, 0xa6ad, 0xaece, 0x9eab, 0x9eab, 
	0xa6ac, 0xbf30, 0xcf94, 0xcf95, 0x750a, 0x6ce7, 0x9eab, 0xa6cb, 0xa6ab, 0x9e4c, 0xbf52, 0xc7b3, 0xaf2e, 0xa70d, 0xb72f, 0xb72f, 
	0x9ecb, 0x9f0a, 0x8ec8, 0x8ee8, 0x8ec9, 0x96c9, 0x9ee9, 0x9e89, 0x85ca, 0xbf72, 0xc7f2, 0x9ecc, 0x96aa, 0x9ecb, 0xa68d, 0xb6f0, 
	0xb6b0, 0xd7f5, 0xc793, 0xaeef, 0x9eac, 0xaf0d, 0xbf90, 0x9e8b, 0x96a9, 0x96e9, 0x96c9, 0x9eca, 0x968a, 0xa6ec, 0x9eea, 0x96c9, 
	0x9f0b, 0x9e8c, 0xc732, 0xe7f8, 0x74ea, 0x854b, 0xb6ef, 0xaecd, 0x968b, 0x96ab, 0x7568, 0xcff4, 0xc7f1, 0x9eac, 0xb6ef, 0xcfd3, 
	0x7d49, 0x9e2d, 0xe7f9, 0xcfb8, 0xa671, 0x5c28, 0x646a, 0xbf15, 0x4be7, 0x43e4, 0x7588, 0x8649, 0x970a, 0x96ea, 0x96c9, 0x8e6a, 
	0x4c04, 0x2ae1, 0x964d, 0x964d, 0x43a5, 0x2ac2, 0x858c, 0x8dce, 0x2aa3, 0x32a5, 0x3ac6, 0x42c7, 0x3ac7, 0x42c7, 0x3aa7, 0x32c4, 
	0x7d8c, 0x85eb, 0x3342, 0x4c05, 0x7568, 0x6d45, 0x96e9, 0x96e9, 0x8649, 0x4442, 0x4c63, 0x8e4a, 0x9ee9, 0x9eea, 0x862b, 0x3362, 
	0x9727, 0x8ee7, 0x8eaa, 0x5d05, 0x6525, 0x9eeb, 0x9ee9, 0x96a8, 0x9eeb, 0x7d88, 0x3302, 0x2ac3, 0x4385, 0xa6af, 0xa6ce, 0x5424, 
	0x53e5, 0x3ae4, 0x3ae6, 0x3ac7, 0x3ae6, 0x32e4, 0x3b82, 0x7de9, 0xa72d, 0x75c8, 0x4401, 0x8609, 0x9f0b, 0x96ea, 0x96a9, 0x9eea, 
	0x9eea, 0x9ea9, 0xaf4b, 0x9eea, 0x9689, 0x9eea, 0x96c9, 0x9eca, 0x9ecb, 0x96aa, 0x9f2a, 0x9709, 0x96e9, 0x86a7, 0x8ec8, 0x96e9, 
	0x96c8, 0xa72a, 0x9eeb, 0xa72c, 0x96ca, 0x96c9, 0x9eca, 0xa6cc, 0xbf10, 0xcf73, 0xdff5, 0x8daa, 0x9eaa, 0x9ec9, 0x9eaa, 0x968b, 
	0xb76f, 0xa70c, 0x96ea, 0x8ea8, 0x9eea, 0xa6ec, 0xa6ab, 0x9e8b, 0x96ac, 0x9ecb, 0x9eeb, 0x9eca, 0x9eaa, 0xa6eb, 0x7de6, 0x6da5, 
	0x96ea, 0x96c9, 0x8ec9, 0x96e9, 0x9f2a, 0x96e8, 0x9708, 0x9f2a, 0xa72c, 0x96ab, 0x9eea, 0x96c9, 0x9eeb, 0x9f0b, 0x9ee9, 0x9ec9, 
	0x9ecb, 0xa6ec, 0xa72b, 0x9eaa, 0xaf2d, 0xc7f0, 0x9eaa, 0x9e8b, 0xa6cf, 0xcff3, 0xa6ec, 0x9e8a, 0xa6cc, 0xb78f, 0x968a, 0xa6cb, 
	0xa6ab, 0xaf0c, 0x9eca, 0x96ea, 0x8649, 0x96ab, 0x9ecb, 0x8e69, 0x6da5, 0x96e9, 0x9ee9, 0x9ee9, 0x9ec9, 0x9ec9, 0x96ea, 0x96ca, 
	0x9eca, 0xa6eb, 0xb72e, 0xc7d2, 0x7569, 0x64e5, 0x9f0b, 0x96a9, 0x9eaa, 0x7da7, 0x8e4a, 0xa6ec, 0xa72b, 0xa72b, 0x9eca, 0x96aa, 
	0x8e89, 0x96e9, 0x96e9, 0x96e9, 0x9709, 0x96e9, 0x96e8, 0x96a8, 0x7586, 0x8e6a, 0x96ca, 0x9f0a, 0x970a, 0x8ea9, 0x9eea, 0x9eab, 
	0x9e8b, 0xa6ed, 0x9ecb, 0x96ca, 0x9f0a, 0x9f0a, 0x9f0b, 0x8e89, 0x8ec9, 0x96c8, 0x96c9, 0x9f0a, 0x9f0a, 0x96e9, 0x9709, 0x8ec8, 
	0x96e9, 0x96cb, 0x9eac, 0xb770, 0x7588, 0x968b, 0x9689, 0x9ec9, 0x96ea, 0x8648, 0x7e08, 0x9ecb, 0x96e9, 0x9ee9, 0x9eca, 0xaeec, 
	0x85c8, 0x85e9, 0x9ece, 0x9ece, 0x9ecc, 0x9ead, 0xb753, 0xa6b2, 0x43a3, 0x7527, 0x9ecc, 0x5d24, 0x6565, 0x8668, 0x96c8, 0x9eea, 
	0x8e4c, 0x4c25, 0x4c05, 0xa6cf, 0x8deb, 0x43e3, 0x966d, 0x7dab, 0x4be5, 0x4385, 0x32c4, 0x3aa4, 0x3285, 0x3285, 0x3ae6, 0x3304, 
	0x7dea, 0xa70d, 0x4c03, 0x6ce6, 0xa6cb, 0x7565, 0x9ee9, 0x96e9, 0x8eaa, 0x6546, 0x4c84, 0x864a, 0x96c9, 0x96a8, 0x9f0b, 0x75e8, 
	0x8f07, 0x9729, 0x9f0a, 0x8648, 0x4c62, 0x7de7, 0x96e9, 0x96c8, 0x96c9, 0x9eeb, 0x85ea, 0x64e8, 0x2b00, 0x7569, 0x9eac, 0x5483, 
	0x966c, 0x85ab, 0x4bc6, 0x2ac3, 0x3b45, 0x3323, 0x5ce5, 0x9eeb, 0x96eb, 0x96eb, 0x5ce4, 0x8e69, 0x9f0a, 0x96e9, 0x9709, 0x96e8, 
	0x9ee8, 0x9ee9, 0x96e9, 0x8ea8, 0x75e5, 0x8ec8, 0x9709, 0x9709, 0x96e9, 0x96e9, 0x9709, 0x9709, 0x9729, 0x65a4, 0x7606, 0x9f0a, 
	0x96ea, 0x8627, 0x7e07, 0x8e69, 0x9709, 0x96e8, 0x96e9, 0x96aa, 0x962b, 0xaeae, 0xaeaf, 0x8dea, 0x9ea9, 0x96a8, 0x96ca, 0x6d65, 
	0x9eab, 0x9eca, 0x96e9, 0x9f2a, 0x96a8, 0x96c9, 0x9ec9, 0x9eea, 0x96c9, 0x96e9, 0x96e9, 0x9ee9, 0x96a8, 0x9ec9, 0x6524, 0x54c3, 
	0x8eaa, 0x9f2b, 0x96e9, 0x8688, 0x8ec9, 0x9709, 0x96e9, 0x8ea8, 0x7e27, 0x8ea9, 0x9f09, 0x96e8, 0x96e9, 0x96e9, 0x96c8, 0x9f09, 
	0x96c9, 0x9ee9, 0x96c9, 0x9f0a, 0x9eeb, 0xa72c, 0x9eea, 0x96ca, 0xa6ec, 0xaf6e, 0x96aa, 0x9eea, 0x9ecb, 0xa72c, 0x7e07, 0x75c6, 
	0x9eca, 0x9ea9, 0x9f09, 0x9709, 0x6564, 0x7607, 0x7606, 0x7e27, 0x6584, 0x970a, 0x9708, 0x96c6, 0x96e7, 0x8e86, 0x8ec8, 0x96e9, 
	0x9ee9, 0x9ec9, 0x9eaa, 0xa70d, 0x6526, 0x6505, 0x96ea, 0x96e9, 0x9eea, 0x6543, 0x7e06, 0x9f0a, 0x96c9, 0x96c9, 0x9ee9, 0x8e88, 
	0x5ce3, 0x8627, 0x8667, 0x7e46, 0x9f0a, 0x96e9, 0x96c8, 0x96c9, 0x6544, 0x6544, 0xa76b, 0x8ee9, 0x8ec8, 0x9709, 0x96e8, 0x96e9, 
	0x9eeb, 0x96aa, 0x96e9, 0x9709, 0x8ec8, 0x86a8, 0x8eca, 0x75c6, 0x7e25, 0x9709, 0x9709, 0x8667, 0x8667, 0x8ea7, 0x9708, 0x8ee8, 
	0x8ec9, 0x75c6, 0x96ab, 0x8629, 0x5ce4, 0x8eaa, 0x96e9, 0x96e8, 0x96c9, 0x6584, 0x8e89, 0x96c9, 0x96e8, 0x96e8, 0x9ee9, 0x9ec9, 
	0x7585, 0x8608, 0x9eeb, 0x7e27, 0x6da5, 0x9f2c, 0xa710, 0x5445, 0x6d06, 0x966a, 0x96ab, 0x96cb, 0x5ce4, 0x6565, 0x9f09, 0x96c9, 
	0x7dca, 0x43c4, 0x3343, 0x4be5, 0xa6ce, 0x9ecc, 0x9ecd, 0x75c9, 0x5cc5, 0x9e8d, 0x6ce9, 0x3b23, 0x4344, 0x4345, 0x2ae3, 0x7d6b, 
	0x96cb, 0x96ea, 0x8e49, 0x8e29, 0x9669, 0x9ea9, 0x96c8, 0x96e9, 0x970b, 0x866a, 0x4443, 0x7de8, 0x9eea, 0x96c8, 0x96e9, 0x970a, 
	0x96e8, 0x96e8, 0x9f2a, 0x7e28, 0x4442, 0x75a7, 0x9f2a, 0x96e7, 0x8ea8, 0x8628, 0x9eeb, 0xa72d, 0x5ce5, 0x54a4, 0x9eec, 0x8608, 
	0x8e6a, 0xa70d, 0x968b, 0x75a8, 0x9ead, 0x6527, 0x6d65, 0x9f2b, 0x96c8, 0x9f2a, 0x6565, 0x8668, 0x970a, 0x96e8, 0x96e8, 0x96c9, 
	0x96ea, 0x9f0a, 0x96eb, 0x96eb, 0x5ce3, 0x5d03, 0x9f0a, 0x96e9, 0x96c9, 0x9eea, 0x9709, 0x8688, 0x7e27, 0x6da4, 0x7e06, 0x970a, 
	0x96ea, 0x6d66, 0x4421, 0x6da7, 0x8648, 0x8ea8, 0x96e9, 0x8647, 0x7566, 0xa6cd, 0x7568, 0x75a8, 0x96c9, 0x96c9, 0x8e8a, 0x6d66, 
	0x7587, 0x8608, 0x9f0a, 0x96e9, 0x7e06, 0x75c5, 0x8e88, 0x96a9, 0x96ea, 0x96e9, 0x8ea9, 0x96ca, 0x96c9, 0x9eea, 0x75a8, 0x4c43, 
	0x6525, 0x7e29, 0x96eb, 0x6544, 0x8648, 0x96ea, 0x7e28, 0x54e3, 0x4cc2, 0x8eaa, 0x96c9, 0x96c9, 0x8ea8, 0x96c9, 0x96c9, 0x96e8, 
	0x96e9, 0x96e9, 0x8e89, 0x8e89, 0x8e8a, 0x8e8a, 0x8648, 0x96c9, 0x9eea, 0x96a9, 0x96e9, 0x96e9, 0x96a9, 0x9eeb, 0x8e69, 0x5cc3, 
	0x7da6, 0x96aa, 0x8647, 0x96ea, 0x6da5, 0x7e27, 0x6da5, 0x7607, 0x6d85, 0x970a, 0x96e8, 0x8686, 0x6d83, 0x7e06, 0x7e26, 0x96e9, 
	0x96ea, 0x8627, 0x7da6, 0x8e6a, 0x5cc4, 0x5d04, 0x8ea9, 0x96e9, 0x96e9, 0x6542, 0x8646, 0x9f2a, 0x96ea, 0x75e6, 0x7e07, 0x968a, 
	0x4c82, 0x8669, 0x7e06, 0x7e26, 0x9f0a, 0x96c9, 0x8669, 0x6d65, 0x8628, 0x8628, 0x6de5, 0x8ee9, 0x970a, 0x96e9, 0x9709, 0x96e9, 
	0x9f2b, 0x8668, 0x7606, 0x9f2b, 0x75e7, 0x6d86, 0x75c7, 0x75c6, 0x7e26, 0x9708, 0x9f29, 0x7e06, 0x75e6, 0x7e27, 0x8647, 0x9f0a, 
	0x8ea9, 0x6544, 0x96cb, 0x7e09, 0x4c84, 0x6d87, 0x96a9, 0x96e9, 0x96c9, 0x6564, 0x8e89, 0x96ea, 0x96e9, 0x8647, 0x8ea9, 0x8628, 
	0x54a2, 0x8649, 0x9f0b, 0x7e07, 0x6d85, 0x8e8a, 0x4c83, 0x6d26, 0x9eca, 0x9eca, 0x96eb, 0x9eec, 0x75a8, 0x6546, 0x9f0a, 0x96eb, 
	0x4c05, 0x22a2, 0x32e4, 0x2ae2, 0x5c87, 0x9ecd, 0x9eeb, 0x8647, 0x75a6, 0x9eec, 0x9ecb, 0x8e2a, 0x8e2a, 0x966c, 0x3382, 0x7dc9, 
	0x9f0a, 0x9709, 0x9f0b, 0x6d85, 0x7dc6, 0xa6ea, 0x96c8, 0x9ee9, 0x9f0a, 0x8649, 0x4443, 0x75a8, 0x9eea, 0x96c9, 0x8ea9, 0x7e27, 
	0x96e8, 0x96e9, 0x9f2b, 0x7e28, 0x4422, 0x6d87, 0x96e9, 0x9708, 0x8ea8, 0x6564, 0x96ea, 0x75e7, 0x6525, 0x8e6a, 0x96eb, 0x8e69, 
	0x6d45, 0x9eeb, 0x9f0a, 0xa74b, 0x6d86, 0x54e4, 0x6544, 0x8e88, 0x9f09, 0x96c8, 0x6da5, 0x8ea9, 0x9f2a, 0x96e9, 0x9709, 0x8e89, 
	0x6545, 0x6545, 0x5d25, 0x6da7, 0x75a8, 0x54a3, 0x8eca, 0x8668, 0x75a5, 0x96ca, 0x96c9, 0x8ea9, 0x75e6, 0x6544, 0x7e26, 0x9f0a, 
	0x96eb, 0x6546, 0x4422, 0x6d67, 0x6d65, 0x96e9, 0x9709, 0x8667, 0x6d65, 0x8e4a, 0x54c4, 0x6545, 0x9f0a, 0x96a9, 0x8eaa, 0x6d86, 
	0x6d65, 0x7e07, 0x96e9, 0x6d84, 0x75c5, 0x75a5, 0x6d85, 0x8648, 0x75e5, 0x96c9, 0x6d65, 0x7e07, 0x9f0a, 0x8ea9, 0x7e09, 0x5cc5, 
	0x3c01, 0x6d87, 0x75a8, 0x4462, 0x6545, 0x9f2c, 0x6da7, 0x4442, 0x54c4, 0x96ab, 0x96aa, 0x6d64, 0x75e6, 0x75e6, 0x970a, 0x96e9, 
	0x9709, 0x8ec9, 0x5d04, 0x4c62, 0x6d86, 0x75c7, 0x4c81, 0x96ea, 0x96e9, 0x96e9, 0x96e9, 0x6564, 0x5ce3, 0x7de7, 0xa72d, 0x6504, 
	0x54a3, 0x8649, 0x6d65, 0x7e07, 0x75e6, 0x96ea, 0x8669, 0x6565, 0x6544, 0x9f2b, 0x8ec8, 0x8666, 0x6564, 0x8ea9, 0x96c9, 0x8647, 
	0x5d44, 0x75e7, 0x7de7, 0x6524, 0x4462, 0x4421, 0x7e27, 0x9709, 0x96e9, 0x8ea7, 0x96c8, 0x7e26, 0x7e68, 0x7607, 0x75e7, 0x96aa, 
	0x54a3, 0x8629, 0x7e07, 0x5d03, 0x9689, 0xa72c, 0x6d86, 0x6545, 0x9eeb, 0x7e07, 0x3c60, 0x6da5, 0x8689, 0x6da6, 0x7607, 0x8668, 
	0x970a, 0x8688, 0x6585, 0x8669, 0x6da6, 0x6546, 0x75a7, 0x75c6, 0x7e26, 0x9f29, 0x96e8, 0x7605, 0x7e07, 0x8eaa, 0x6d64, 0x96c9, 
	0x96c9, 0x8e89, 0x7e29, 0x5d05, 0x4c63, 0x4421, 0x8ea9, 0x96c9, 0x9f0a, 0x6564, 0x8ea9, 0x96ea, 0x9f2b, 0x6565, 0x8668, 0x6544, 
	0x4c62, 0x8629, 0x96ca, 0x75e6, 0x8648, 0x5d24, 0x54e3, 0x8e69, 0x9eea, 0x96ea, 0x7e09, 0x4422, 0x3be2, 0x6526, 0x75e6, 0x7de8, 
	0x3343, 0x2ac4, 0x2aa2, 0x2ac2, 0x22e1, 0x5cc6, 0x96eb, 0x96e9, 0x7e06, 0x8627, 0x96ea, 0x96ea, 0x9eeb, 0x6d66, 0x3be2, 0x6566, 
	0x970a, 0x8ee8, 0x970a, 0x6544, 0x75c6, 0x9f0a, 0x96c8, 0x96e9, 0x96ea, 0x8669, 0x4443, 0x6d87, 0x8eaa, 0x96ea, 0x8668, 0x5d24, 
	0x9708, 0x96e9, 0x8648, 0x6566, 0x6526, 0x6526, 0x54e2, 0x96e9, 0x75e6, 0x75a6, 0x9eeb, 0x7de8, 0x54c5, 0x864a, 0x9f2c, 0x8668, 
	0x4c62, 0x75a7, 0x9f0b, 0x8628, 0x5ce4, 0x7e08, 0x6543, 0x8646, 0x9f29, 0x9f2a, 0x6564, 0x6565, 0x8649, 0x970b, 0x8ea9, 0x6564, 
	0x4c62, 0x4c63, 0x4c63, 0x54c5, 0x5ce6, 0x4c63, 0x6524, 0x8648, 0x6d85, 0x6524, 0x8668, 0x9f0b, 0x9f0c, 0x6545, 0x7e07, 0x9f0b, 
	0x96ca, 0x6d66, 0x4443, 0x6d67, 0x6d65, 0x96c9, 0x96e9, 0x8668, 0x75a7, 0x6d46, 0x3c20, 0x5d23, 0x8ea9, 0x96e9, 0x8e88, 0x75e6, 
	0x6544, 0x6d85, 0x8ec9, 0x6564, 0x75c6, 0x6d86, 0x6d85, 0x7e07, 0x75e6, 0x96ca, 0x6566, 0x54c3, 0x96ea, 0x7e27, 0x75c6, 0x75e8, 
	0x4c83, 0x6d67, 0x6527, 0x4c63, 0x5d04, 0x75c7, 0x54c5, 0x4c64, 0x5485, 0x862a, 0x8e8a, 0x6d65, 0x6566, 0x54e4, 0x6545, 0x8ea9, 
	0x96e9, 0x7606, 0x4ca4, 0x4443, 0x5d06, 0x75a7, 0x54c3, 0x6565, 0x7e06, 0x96ca, 0x6da7, 0x4c83, 0x4423, 0x5ce6, 0x7de9, 0x5483, 
	0x5ce4, 0x8e4a, 0x7dc7, 0x6d86, 0x6da6, 0x9f0b, 0x96ea, 0x7607, 0x6544, 0x96ca, 0x9709, 0x8667, 0x6da6, 0x96ca, 0x9f0b, 0x7de7, 
	0x54e3, 0x8e8a, 0x96cb, 0x5d04, 0x4c63, 0x4ca3, 0x7627, 0x96ea, 0x8ea8, 0x96c8, 0x9f09, 0x8ea8, 0x8ea9, 0x7607, 0x6564, 0x8e69, 
	0x4c83, 0x5ce5, 0x6525, 0x4c83, 0x8609, 0x8e6a, 0x6526, 0x54c5, 0x8e6a, 0x96cb, 0x5d04, 0x4462, 0x5d05, 0x6da7, 0x6da7, 0x4ca2, 
	0x8eca, 0x8ec9, 0x5d44, 0x5ce3, 0x75c6, 0x9eec, 0x9eec, 0x6d86, 0x75e6, 0x970a, 0x9f29, 0x75e4, 0x7e06, 0x96e9, 0x5d23, 0x8647, 
	0x8ec9, 0x8668, 0x5d05, 0x4422, 0x5ce4, 0x6d85, 0x8ec8, 0x9709, 0x8647, 0x75c6, 0x75e6, 0x8e88, 0x96ea, 0x8ea9, 0x8ea9, 0x4ca2, 
	0x4c63, 0x7e09, 0x8628, 0x6565, 0x8e8a, 0x54a3, 0x6545, 0x9eeb, 0x96ea, 0x96ea, 0x4402, 0x4c44, 0x862b, 0x54c4, 0x5d24, 0x7e08, 
	0x3b84, 0x3324, 0x7d4a, 0x7d6a, 0x758b, 0x6507, 0x6d66, 0x9f2b, 0x7de6, 0x6d84, 0x96ea, 0x8ea9, 0x96aa, 0x6505, 0x5484, 0x5ce5, 
	0x7e47, 0x96e8, 0x9709, 0x6da5, 0x6565, 0x96ab, 0x96e9, 0x96c9, 0x8648, 0x6d87, 0x4c63, 0x4c63, 0x5d03, 0x96c9, 0x7e08, 0x6d86, 
	0x9f29, 0x8ea8, 0x5d04, 0x4422, 0x4c64, 0x54c4, 0x6544, 0x96a9, 0x7e07, 0x96ab, 0x8609, 0x6526, 0x4c64, 0x6547, 0x96ca, 0x8668, 
	0x54c3, 0x75a7, 0x7e08, 0x4441, 0x6545, 0x9f0c, 0x96ea, 0x6da4, 0x96c9, 0x96ea, 0x6565, 0x4462, 0x5d25, 0x9f0c, 0x8ea9, 0x5d24, 
	0x4c83, 0x4c64, 0x4c84, 0x5cc6, 0x6d47, 0x4c63, 0x5d25, 0x8648, 0x6545, 0x5ce4, 0x75a6, 0x8649, 0x8e6a, 0x6d66, 0x54e4, 0x6525, 
	0x8669, 0x6d66, 0x4423, 0x6547, 0x75a6, 0x96a9, 0x96ea, 0x8669, 0x6565, 0x6d66, 0x4462, 0x7e48, 0x9f2a, 0x8ea8, 0x6584, 0x96ca, 
	0x75e7, 0x5d03, 0x6dc6, 0x5d44, 0x96cb, 0x75e8, 0x4ca3, 0x8669, 0x96eb, 0x8669, 0x54e5, 0x54e4, 0x7e27, 0x4ca0, 0x7606, 0xa72c, 
	0x6d87, 0x4443, 0x4c85, 0x4443, 0x6566, 0x75c8, 0x4443, 0x4c85, 0x4c65, 0x4c64, 0x8608, 0x8e89, 0x4ca3, 0x4442, 0x4ca3, 0x6de7, 
	0x9f4b, 0x6da5, 0x4463, 0x4c44, 0x4c63, 0x7e09, 0x75e8, 0x4c82, 0x6d85, 0x9f0b, 0x54c4, 0x4444, 0x4c44, 0x5485, 0x5d05, 0x4c62, 
	0x4421, 0x8609, 0x8e6a, 0x5d04, 0x6525, 0x8649, 0x8649, 0x75e8, 0x54c3, 0x54e3, 0x75e7, 0x9f0b, 0x96ca, 0x7e28, 0x6da6, 0x96ea, 
	0x8eaa, 0x7e28, 0x7e08, 0x6525, 0x4c64, 0x864a, 0x8eca, 0x970a, 0x6d84, 0x8e88, 0x96ea, 0x970a, 0x970a, 0x7607, 0x4ca1, 0x7e08, 
	0x6d66, 0x4c84, 0x4c84, 0x5484, 0x7dc9, 0x5484, 0x4c44, 0x4c64, 0x8e8b, 0x75c8, 0x5d06, 0x54e5, 0x4443, 0x54a4, 0x75c8, 0x5d04, 
	0x6565, 0x7607, 0x6da6, 0x54a3, 0x7de7, 0x8e6a, 0x866a, 0x6d87, 0x54c3, 0x8668, 0x9f2a, 0x8647, 0x7e06, 0x8ea9, 0x6544, 0x7e07, 
	0x96ea, 0x6d85, 0x6526, 0x4442, 0x6d86, 0x9f2b, 0x8ec8, 0x96e8, 0x6564, 0x7e27, 0x54c2, 0x6d85, 0x8eaa, 0x8eab, 0x8689, 0x5d04, 
	0x4c63, 0x54a4, 0x6d87, 0x75c8, 0x6d87, 0x4443, 0x54e4, 0x8e8a, 0x8e89, 0x6d66, 0x6547, 0x9ece, 0x7dea, 0x4c63, 0x6545, 0xaf6f, 
	0x43e4, 0x2b02, 0x9e8d, 0xa70f, 0x7daa, 0x4c44, 0x54a4, 0x8eaa, 0x8648, 0x4ca1, 0x7e07, 0x6544, 0x54c3, 0x75a7, 0x6d88, 0x6547, 
	0x5d03, 0x96e9, 0x9709, 0x5d64, 0x3c21, 0x6da7, 0x9f0b, 0x96c9, 0x54c3, 0x4442, 0x4c64, 0x5484, 0x6d65, 0x96ca, 0x6d86, 0x868a, 
	0x7e47, 0x96ea, 0x54c4, 0x4c64, 0x4423, 0x6527, 0xa72d, 0x7de7, 0x4c62, 0x8e4a, 0x862a, 0x4443, 0x4c65, 0x4c64, 0x54e4, 0x7e28, 
	0x75e7, 0x75c7, 0x8e4a, 0x54c3, 0x6525, 0x9f0c, 0x96ab, 0x54c3, 0x4ca3, 0x8e8a, 0x6d87, 0x3c02, 0x4c63, 0x75e8, 0x9f0b, 0x8668, 
	0x4c83, 0x4c64, 0x4c64, 0x54c5, 0x96ad, 0x6547, 0x5ce5, 0x864a, 0x4c83, 0x4c83, 0x4442, 0x54a4, 0x4c64, 0x6527, 0x5d07, 0x4422, 
	0x7e09, 0x6d87, 0x4444, 0x6d68, 0x6d66, 0x96ca, 0x970b, 0x8669, 0x6525, 0x96ab, 0x6566, 0x7e28, 0x8668, 0x8ea9, 0x75c7, 0x6d86, 
	0x6566, 0x8eaa, 0x96cb, 0x6545, 0x75c8, 0x6546, 0x4442, 0x8e8b, 0x8eaa, 0x54c3, 0x4c84, 0x54c4, 0x6544, 0x8668, 0x96e9, 0x96ea, 
	0x6d86, 0x4c83, 0x4c84, 0x4463, 0x6545, 0x75c8, 0x4c64, 0x5485, 0x4c65, 0x4c63, 0x7e28, 0x9f2c, 0x7e09, 0x4c83, 0x4482, 0x6dc6, 
	0x970a, 0x8e89, 0x54c5, 0x4c64, 0x4c64, 0x7e09, 0x75c7, 0x8e89, 0x9f2a, 0x96e9, 0x5ce4, 0x4c84, 0x4444, 0x6d47, 0x9f0c, 0x6d45, 
	0x54c3, 0x7de8, 0x75a8, 0x4c63, 0x54a4, 0x4c63, 0x4c64, 0x54a5, 0x5d06, 0x4443, 0x6d87, 0x9eec, 0x75c7, 0x7e28, 0x7de7, 0x9f2b, 
	0x9eec, 0x7e08, 0x75a6, 0x96ab, 0x5ce6, 0x6d88, 0x8ecb, 0x8eca, 0x8648, 0x75c6, 0x6565, 0x96cb, 0x9f4b, 0x7606, 0x4c81, 0x8e6a, 
	0x9f0d, 0x5d06, 0x4444, 0x5485, 0x7588, 0x4c44, 0x4c64, 0x4c84, 0x8e6b, 0x75c8, 0x54e6, 0x5d07, 0x4c64, 0x4c63, 0x7de9, 0x6546, 
	0x3c22, 0x6d87, 0x860a, 0x4c42, 0x5484, 0x4c84, 0x4c84, 0x4464, 0x4443, 0x864a, 0x9f0d, 0x9f0c, 0x75e7, 0x75e7, 0x6da7, 0x9f2c, 
	0x96cb, 0x6525, 0x75c9, 0x7dea, 0x4443, 0x7e08, 0x96e9, 0x96e9, 0x8ec9, 0x96eb, 0x54c3, 0x4c83, 0x4c84, 0x4c63, 0x8eab, 0x864a, 
	0x4443, 0x4444, 0x54c5, 0x96cd, 0x6da8, 0x4ca4, 0x864a, 0x866a, 0x54a3, 0x4c63, 0x7dca, 0x860b, 0x3be3, 0x54a5, 0x96ac, 0x6d87, 
	0x4c45, 0x5486, 0x7de9, 0x6525, 0x5484, 0x4423, 0x4c43, 0x6526, 0x96cb, 0x75a6, 0x7e28, 0x8669, 0x54c3, 0x8e8b, 0x9eee, 0x54c5, 
	0x4c83, 0x6565, 0x8eea, 0x6dc6, 0x4483, 0x4c83, 0x7e28, 0x96eb, 0x54a4, 0x4c63, 0x4423, 0x75a8, 0xa70c, 0x7e08, 0x4c83, 0x7e2a, 
	0x5d44, 0x9f0c, 0x54a4, 0x4444, 0x4424, 0x6d48, 0x968b, 0x6505, 0x4421, 0x7dc8, 0x96ac, 0x7e0a, 0x6527, 0x4443, 0x54c4, 0x96cb, 
	0x6d66, 0x54a3, 0x8629, 0x8609, 0x54c4, 0x75a7, 0x75a8, 0x75a8, 0x4c63, 0x6d88, 0x6547, 0x4c44, 0x4c64, 0x6d67, 0xa74c, 0x8689, 
	0x4c84, 0x4c64, 0x4443, 0x5ce6, 0x7589, 0x5ce6, 0x54c5, 0x6d87, 0x54a5, 0x4c64, 0x4c64, 0x4c64, 0x4c85, 0x4c65, 0x4c85, 0x4c84, 
	0x5d06, 0x5ce5, 0x4c85, 0x5ce6, 0x54a4, 0x6d66, 0x6546, 0x6526, 0x54c4, 0x6d67, 0x5d25, 0x5d05, 0x6da5, 0x96ea, 0x96cc, 0x6d87, 
	0x4463, 0x6da7, 0x6da8, 0x5d05, 0x5d06, 0x4c84, 0x54a4, 0x8e8b, 0x96cc, 0x4c83, 0x4c84, 0x54c5, 0x6566, 0x96eb, 0x96ea, 0x96eb, 
	0x6da7, 0x4c63, 0x4c64, 0x4443, 0x6526, 0x6d88, 0x4403, 0x4c25, 0x5486, 0x4c43, 0x7e09, 0x8eaa, 0x7e09, 0x4483, 0x4462, 0x6586, 
	0x9f2b, 0x8eaa, 0x54a5, 0x4c64, 0x4c43, 0x5d05, 0x54c4, 0x6565, 0x9f0b, 0x96eb, 0x5d05, 0x4443, 0x4c44, 0x5ce5, 0x96cb, 0x9eeb, 
	0x8e6a, 0x8e4a, 0x860a, 0x54a4, 0x4c43, 0x4c64, 0x5485, 0x4c85, 0x4c65, 0x4c65, 0x54c5, 0x6547, 0x54c4, 0x6525, 0x54c3, 0x6566, 
	0x6d67, 0x5d05, 0x6505, 0x6d67, 0x54a5, 0x54a5, 0x6566, 0x96eb, 0xa72d, 0x7e29, 0x4c83, 0x5ce5, 0x6da6, 0x6586, 0x54c3, 0x7de8, 
	0x8e6b, 0x6547, 0x4464, 0x4c85, 0x6507, 0x5ce6, 0x5d07, 0x5485, 0x968b, 0x7de9, 0x4c65, 0x4465, 0x4c65, 0x4c64, 0x6527, 0x5ce6, 
	0x4c64, 0x54c6, 0x75a9, 0x5ce6, 0x4c64, 0x4c65, 0x4c65, 0x4c85, 0x4c85, 0x5d07, 0x5d27, 0x6547, 0x54e5, 0x54e5, 0x5d05, 0x6526, 
	0x6527, 0x54a5, 0x5ce6, 0x6527, 0x4c85, 0x54a4, 0x7e28, 0x96ea, 0x8eca, 0x864a, 0x54a4, 0x4c64, 0x4c65, 0x54a5, 0x6547, 0x5d26, 
	0x4c64, 0x4c65, 0x4c85, 0x6547, 0x54e6, 0x4ca4, 0x6567, 0x5ce5, 0x4c63, 0x4443, 0x5486, 0x4404, 0x3be3, 0x6528, 0x7dea, 0x5cc5, 
	0x4c45, 0x5ca6, 0x6d87, 0x6545, 0x6d67, 0x54a4, 0x4423, 0x6527, 0x7e0a, 0x4c83, 0x5d04, 0x8e8a, 0x54e4, 0x6546, 0x6547, 0x54a5, 
	0x4c84, 0x4ca3, 0x8ecb, 0x6dc7, 0x3c63, 0x4c84, 0x6546, 0x96cc, 0x5ce5, 0x4c63, 0x4402, 0x7da9, 0x968c, 0x5ce5, 0x4464, 0x6dc9, 
	0x54a4, 0x7de9, 0x54a5, 0x4423, 0x4424, 0x6528, 0x6507, 0x4c43, 0x4c63, 0x54c5, 0x6d87, 0xa72e, 0x6d88, 0x3c02, 0x54a4, 0x7e09, 
	0x5d06, 0x4423, 0x6d67, 0x6d87, 0x4c63, 0x4443, 0x4c84, 0x75a9, 0x54a5, 0x4c85, 0x5d07, 0x4c64, 0x4c64, 0x54a5, 0x6545, 0x75e8, 
	0x4c84, 0x4c44, 0x54a6, 0x4444, 0x4424, 0x4c65, 0x4444, 0x5d07, 0x75ca, 0x4c64, 0x4464, 0x4c64, 0x4c85, 0x54a5, 0x4c64, 0x4c84, 
	0x4c64, 0x4c64, 0x5485, 0x4c65, 0x4c64, 0x4444, 0x4424, 0x4444, 0x4c85, 0x4c64, 0x4443, 0x4442, 0x6da6, 0x9f2b, 0x864a, 0x6526, 
	0x4c64, 0x4444, 0x4c64, 0x5485, 0x5d26, 0x5ce6, 0x4c84, 0x7dc9, 0x7e0a, 0x5485, 0x4c64, 0x54c6, 0x75c9, 0x862a, 0x7e09, 0x864a, 
	0x862a, 0x5ce6, 0x4c45, 0x4c45, 0x4c65, 0x4c45, 0x5cc8, 0x5c87, 0x5466, 0x4c45, 0x6d68, 0x5505, 0x4464, 0x4c84, 0x4ca5, 0x6547, 
	0x8629, 0x866a, 0x54c5, 0x4424, 0x5485, 0x4c44, 0x4c44, 0x54c5, 0x862a, 0x862a, 0x54a5, 0x4c44, 0x4c86, 0x4c65, 0x6526, 0x8e8b, 
	0xaf70, 0x8e2c, 0x7e0b, 0x6d89, 0x4c84, 0x5485, 0x4c65, 0x4c65, 0x4c65, 0x4c85, 0x4c84, 0x4c63, 0x4c63, 0x4c64, 0x4c84, 0x4c64, 
	0x4443, 0x4c64, 0x4c44, 0x4c44, 0x4c65, 0x4c64, 0x4ca4, 0x7de9, 0x6547, 0x54c6, 0x4444, 0x4c65, 0x4444, 0x54c5, 0x54c5, 0x54c5, 
	0x54c5, 0x6568, 0x4c84, 0x4c64, 0x5485, 0x4c64, 0x4c64, 0x4c65, 0x6d47, 0x64e6, 0x4c45, 0x4c66, 0x4c65, 0x4c64, 0x4c64, 0x4c64, 
	0x4c65, 0x4c65, 0x6547, 0x6548, 0x4c65, 0x4c45, 0x4c65, 0x4c65, 0x4c85, 0x4444, 0x4464, 0x4464, 0x4c84, 0x4464, 0x4c84, 0x4403, 
	0x4404, 0x4c25, 0x4424, 0x4c64, 0x4c44, 0x4424, 0x5ce5, 0x864a, 0x6567, 0x4c84, 0x4c85, 0x4444, 0x4c65, 0x4c65, 0x4444, 0x4c64, 
	0x4c65, 0x4c85, 0x4465, 0x4444, 0x4c85, 0x4444, 0x4c84, 0x4c84, 0x4c84, 0x4c65, 0x4405, 0x3b83, 0x43e4, 0x6d69, 0x4c44, 0x4c64, 
	0x5485, 0x4c85, 0x5504, 0x8eab, 0x9eec, 0x6505, 0x43e2, 0x5ce6, 0x5d07, 0x4c64, 0x54a4, 0x75a8, 0x54c4, 0x4463, 0x4423, 0x5464, 
	0x4c44, 0x4443, 0x6da8, 0x6567, 0x4c84, 0x4c84, 0x4c64, 0x75a9, 0x54a5, 0x4443, 0x4c84, 0x6d47, 0x6527, 0x4c64, 0x4464, 0x54e6, 
	0x4c64, 0x4c64, 0x4c44, 0x4c44, 0x4c65, 0x4c65, 0x4c45, 0x4c65, 0x4c65, 0x4c64, 0x4463, 0x75c8, 0x75a8, 0x6526, 0x4c83, 0x4c64, 
	0x4c64, 0x4c85, 0x4c84, 0x4c63, 0x4c64, 0x4c84, 0x4c65, 0x4445, 0x4c85, 0x5485, 0x4c44, 0x5485, 0x4c65, 0x4c64, 0x4c63, 0x4c84, 
	0x4c85, 0x4c65, 0x4c44, 0x4c65, 0x4c65, 0x4c65, 0x4c65, 0x4c85, 0x4c85, 0x4c65, 0x4c65, 0x4c85, 0x4c64, 0x4c65, 0x4c85, 0x4c85, 
	0x4c64, 0x4c65, 0x4c44, 0x4c65, 0x4c45, 0x5cc7, 0x6d49, 0x54a7, 0x4445, 0x4c65, 0x4c64, 0x4c83, 0x5ce4, 0x866a, 0x6d67, 0x4423, 
	0x4c65, 0x4c66, 0x5465, 0x4c64, 0x4c85, 0x4c84, 0x5484, 0x4c84, 0x5464, 0x4c65, 0x4c65, 0x4c65, 0x5485, 0x54a5, 0x5484, 0x4c84, 
	0x4c84, 0x4c65, 0x4c45, 0x5466, 0x3ba4, 0x4c26, 0x8ded, 0x6488, 0x4c05, 0x5466, 0x4c85, 0x4464, 0x4c85, 0x4c85, 0x4444, 0x4c85, 
	0x54a5, 0x4c64, 0x4c85, 0x4c65, 0x4c24, 0x5465, 0x4c45, 0x4c65, 0x4c64, 0x4c64, 0x4c65, 0x4c65, 0x4c66, 0x4c66, 0x4c85, 0x54c6, 
	0xbfd3, 0x9eaf, 0x6508, 0x6528, 0x4c64, 0x4c64, 0x4c45, 0x4c66, 0x4c65, 0x4c65, 0x4c64, 0x4c64, 0x4c64, 0x4c64, 0x4c65, 0x4c45, 
	0x5486, 0x43e3, 0x43e4, 0x5486, 0x4c65, 0x4c85, 0x4c64, 0x4c84, 0x4444, 0x4c65, 0x4c45, 0x4c86, 0x4c86, 0x4c45, 0x4c65, 0x4c85, 
	0x4c85, 0x4ca5, 0x4464, 0x4c64, 0x4c44, 0x5465, 0x4c44, 0x4c65, 0x4c24, 0x8e2d, 0x6549, 0x4445, 0x4c65, 0x5486, 0x4c44, 0x4c65, 
	0x4c65, 0x4c85, 0x4c84, 0x4c64, 0x4c65, 0x4c86, 0x4c85, 0x4c65, 0x4c65, 0x4c65, 0x4c65, 0x4465, 0x4c85, 0x4c64, 0x4c44, 0x6d28, 
	0x758b, 0x5ca8, 0x4c45, 0x4c24, 0x4c45, 0x4c65, 0x4c64, 0x54a5, 0x4c85, 0x4c64, 0x4c65, 0x4c65, 0x4c65, 0x4c65, 0x4c65, 0x4c45, 
	0x4c85, 0x4444, 0x4c65, 0x4c85, 0x4444, 0x4c85, 0x4c64, 0x4c64, 0x4c44, 0x5486, 0x4c26, 0x4c06, 0x5487, 0x5486, 0x5465, 0x4c45, 
	0x4c65, 0x4c65, 0x4483, 0x4ca3, 0x7de8, 0x6d66, 0x64e6, 0x4c45, 0x4c45, 0x4c65, 0x4c64, 0x4c64, 0x4443, 0x4c84, 0x4c64, 0x4c45, 
	0x4c65, 0x4c65, 0x4c64, 0x4c64, 0x4c65, 0x4c45, 0x4c65, 0x4c44, 0x4c64, 0x4c64, 0x4c44, 0x4c65, 0x5465, 0x4c65, 0x4c65, 0x4465, 
	0x4c45, 0x5466, 0x4c04, 0x4c45, 0x4c65, 0x4445, 0x4c26, 0x4c26, 0x4c66, 0x4445, 0x4464, 0x4463, 0x75a8, 0x9eed, 0x5cc5, 0x4443, 
	0x4444, 0x4c85, 0x4c44, 0x5465, 0x4c44, 0x4c45, 0x4c65, 0x4c65, 0x4c85, 0x4c45, 0x4c65, 0x5465, 0x5486, 0x4c65, 0x4c65, 0x4c65, 
	0x4c45, 0x4c65, 0x4c65, 0x4c45, 0x4c65, 0x4c65, 0x4c65, 0x4c85, 0x4c85, 0x4c65, 0x4c85, 0x4c44, 0x4c65, 0x4c85, 0x4c65, 0x4c65, 
	0x4c64, 0x4c64, 0x4c44, 0x4c65, 0x4424, 0x6d69, 0xbfd3, 0xa711, 0x5487, 0x4c46, 0x4c44, 0x4c64, 0x4c64, 0x4403, 0x4424, 0x4c86, 
	0x4c46, 0x4c66, 0x5466, 0x4c65, 0x4c64, 0x4c84, 0x4c64, 0x4c64, 0x4c65, 0x4c45, 0x4c65, 0x4c45, 0x4c45, 0x4c45, 0x4c44, 0x4c64, 
	0x4c64, 0x4c45, 0x5467, 0x43a4, 0x3ba4, 0x64a8, 0x5426, 0x4bc5, 0x5446, 0x4c65, 0x4464, 0x4464, 0x4c65, 0x4c65, 0x4c64, 0x4c64, 
	0x4c65, 0x4424, 0x3c24, 0x4c86, 0x4c45, 0x5446, 0x5446, 0x4c26, 0x4c65, 0x4c45, 0x4c65, 0x5465, 0x4c46, 0x4c66, 0x4c65, 0x4c85, 
	0x5cc8, 0xaf52, 0x6528, 0x4c65, 0x4c65, 0x4c65, 0x4c46, 0x4c46, 0x4c46, 0x4c66, 0x4c65, 0x4c64, 0x5464, 0x4c44, 0x4c66, 0x4c66, 
	0x5466, 0x3bc4, 0x43e4, 0x5466, 0x4c45, 0x4c44, 0x4c64, 0x4c64, 0x4c44, 0x4c65, 0x4c45, 0x4c66, 0x4c66, 0x4c65, 0x3be3, 0x4c65, 
	0x4465, 0x4c85, 0x4c65, 0x4c64, 0x4c44, 0x5465, 0x4c65, 0x4c45, 0x4c26, 0x756b, 0x75ac, 0x4405, 0x4c25, 0x5466, 0x4c45, 0x4c65, 
	0x4c45, 0x4c65, 0x4c64, 0x4c84, 0x4c65, 0x4c65, 0x4c65, 0x4c65, 0x4c65, 0x4c45, 0x4c65, 0x4c85, 0x4c85, 0x4c65, 0x5cc6, 0xb751, 
	0xcff4, 0xa6f0, 0x5445, 0x4c45, 0x4c45, 0x4c65, 0x4c44, 0x4c45, 0x4c65, 0x4c65, 0x4c65, 0x4444, 0x4424, 0x4404, 0x4c46, 0x4c45, 
	0x4c45, 0x4c65, 0x4c86, 0x4c65, 0x4c64, 0x4c64, 0x4c65, 0x4c45, 0x4c45, 0x4c26, 0x43c6, 0x64ca, 0x756b, 0x4c46, 0x5466, 0x4c25, 
	0x4c45, 0x4c65, 0x4464, 0x4c84, 0x4442, 0x7587, 0x7d89, 0x5425, 0x4445, 0x4445, 0x4c65, 0x4c65, 0x4c85, 0x4445, 0x4c45, 0x4c45, 
	0x4c45, 0x5466, 0x4c45, 0x4c46, 0x5447, 0x4c06, 0x5447, 0x4c25, 0x4424, 0x4c44, 0x4c45, 0x4c65, 0x4c25, 0x4c45, 0x4c65, 0x4c44, 
	0x3364, 0x4be6, 0x5447, 0x4c25, 0x4424, 0x4c65, 0x43e5, 0x2b43, 0x4c67, 0x4c66, 0x4c85, 0x4464, 0x5484, 0x5cc5, 0x5444, 0x4c64, 
	0x4c65, 0x4c65, 0x4c25, 0x4c25, 0x4c46, 0x4c45, 0x4c46, 0x4c66, 0x4c65, 0x4c65, 0x4c45, 0x4c25, 0x3b83, 0x43e5, 0x5487, 0x4c45, 
	0x5466, 0x4c05, 0x4c45, 0x4c45, 0x4c45, 0x4c65, 0x4c66, 0x4c45, 0x4c65, 0x4c85, 0x4c45, 0x5485, 0x4c45, 0x4c66, 0x4c46, 0x5466, 
	0x4c65, 0x4c65, 0x5486, 0x4c66, 0x3be4, 0x4c45, 0x862c, 0xa710, 0x7dec, 0x3be3, 0x5465, 0x4c45, 0x4c46, 0x3ba4, 0x3ba3, 0x4c46, 
	0x4c66, 0x4c45, 0x4c25, 0x3bc3, 0x4444, 0x4c64, 0x4c84, 0x4c44, 0x4c45, 0x4c65, 0x4c65, 0x3382, 0x4c25, 0x4c46, 0x4c65, 0x4c65, 
	0x4c44, 0x5486, 0x43a5, 0x3323, 0x4c07, 0x5447, 0x4bc6, 0x5406, 0x5c46, 0x5445, 0x4444, 0x4485, 0x4c65, 0x4c25, 0x5465, 0x5445, 
	0x5466, 0x43e4, 0x3c04, 0x4c46, 0x4c05, 0x3b64, 0x2ae2, 0x4c06, 0x4c66, 0x4c66, 0x5446, 0x4c26, 0x4c46, 0x5466, 0x4c65, 0x4c45, 
	0x5c87, 0x64e8, 0x5486, 0x4c45, 0x4c66, 0x4c46, 0x4c46, 0x4c25, 0x4c46, 0x4445, 0x4c65, 0x4c65, 0x4c24, 0x5465, 0x4c65, 0x4c66, 
	0x5467, 0x3ba4, 0x3ba5, 0x4c46, 0x5466, 0x4c45, 0x3bc3, 0x4c24, 0x4c65, 0x4c45, 0x4c65, 0x4c46, 0x5466, 0x4405, 0x2b62, 0x4404, 
	0x4c86, 0x4c45, 0x4c45, 0x4c45, 0x4c25, 0x5445, 0x4c45, 0x5466, 0x43e6, 0x3b64, 0x43e6, 0x5cc9, 0x3ba5, 0x4c06, 0x5446, 0x4c45, 
	0x4c45, 0x4c66, 0x4c45, 0x5466, 0x4c66, 0x4c65, 0x4c44, 0x4c45, 0x4c45, 0x4c25, 0x5465, 0x4444, 0x4445, 0x4c66, 0x4c04, 0x5c86, 
	0x85cb, 0xa6cf, 0x7d6a, 0x4c05, 0x4c45, 0x4c45, 0x4c45, 0x3be4, 0x4405, 0x4c66, 0x4c65, 0x3ba2, 0x3362, 0x3ba4, 0x3bc4, 0x4c46, 
	0x4c45, 0x4c45, 0x4445, 0x4445, 0x4c65, 0x4c44, 0x4c46, 0x4c46, 0x4c26, 0x43a5, 0x4385, 0x4bc6, 0x4406, 0x4c26, 0x3ba4, 0x5446, 
	0x5446, 0x4c45, 0x4465, 0x4465, 0x4c64, 0x5444, 0x3321, 0x4be5, 0x4c46, 0x4c46, 0x4c25, 0x4c05, 0x4c45, 0x4c45, 0x4c25, 0x4c25, 
	0x4c25, 0x4c25, 0x4c46, 0x5447, 0x4bc7, 0x2ae4, 0x3b44, 0x5447, 0x4c46, 0x4c45, 0x4424, 0x4c45, 0x43e5, 0x3322, 0x4c45, 0x4c45, 
	0x22c3, 0x43c7, 0x53e7, 0x5427, 0x5445, 0x4c45, 0x43c5, 0x3343, 0x43c5, 0x4c46, 0x4445, 0x4444, 0x43e4, 0x3b82, 0x5425, 0x5465, 
	0x4c45, 0x4c66, 0x43e5, 0x3343, 0x4c06, 0x5447, 0x4426, 0x4426, 0x4425, 0x5466, 0x4c25, 0x5406, 0x22a2, 0x3b45, 0x5427, 0x5426, 
	0x43c4, 0x4be5, 0x5426, 0x5446, 0x4c45, 0x4c45, 0x4c25, 0x4c45, 0x4c45, 0x4c45, 0x4c45, 0x4c46, 0x5466, 0x43c5, 0x43c5, 0x3bc5, 
	0x5466, 0x4c25, 0x3bc4, 0x4c26, 0x3bc4, 0x3bc3, 0x7569, 0x966d, 0x9ece, 0x4c44, 0x4404, 0x5467, 0x5447, 0x3ba4, 0x3383, 0x5487, 
	0x4445, 0x4c66, 0x4c46, 0x2b41, 0x4424, 0x4465, 0x4c64, 0x4c45, 0x4c45, 0x5466, 0x4425, 0x2b62, 0x43c5, 0x5467, 0x4425, 0x4c45, 
	0x4c65, 0x43e5, 0x3303, 0x3b65, 0x43a5, 0x5406, 0x4ba6, 0x4364, 0x5406, 0x4c26, 0x4465, 0x4465, 0x3bc5, 0x43a4, 0x4c25, 0x4be4, 
	0x4c26, 0x43c5, 0x4446, 0x4c46, 0x4be7, 0x32e3, 0x2282, 0x4be6, 0x4c25, 0x3bc3, 0x43a5, 0x5427, 0x4c25, 0x4c45, 0x5465, 0x5466, 
	0x4be5, 0x4c05, 0x4c45, 0x4424, 0x4c46, 0x43e5, 0x4be4, 0x5466, 0x3bc3, 0x4445, 0x4c65, 0x43e4, 0x3ba3, 0x5466, 0x4c45, 0x4c46, 
	0x5427, 0x43c6, 0x3344, 0x43e6, 0x5446, 0x5446, 0x3b63, 0x43c4, 0x4c45, 0x4c45, 0x4c45, 0x4c26, 0x4c06, 0x3b84, 0x4404, 0x4c65, 
	0x4c45, 0x4c66, 0x4c66, 0x3363, 0x3b83, 0x5446, 0x5486, 0x4405, 0x3323, 0x5428, 0x43e6, 0x4c27, 0x43a6, 0x3b44, 0x4be5, 0x4c45, 
	0x4445, 0x4c66, 0x43c5, 0x3343, 0x3ba4, 0x4c46, 0x4c65, 0x5486, 0x3ba4, 0x43a5, 0x5446, 0x4c25, 0x3bc4, 0x4c47, 0x43c5, 0x3321, 
	0x7549, 0x960c, 0x964d, 0x4c05, 0x43c5, 0x4c06, 0x4c25, 0x33a2, 0x43e4, 0x5446, 0x5467, 0x3ba4, 0x3b85, 0x5427, 0x43a5, 0x43c4, 
	0x4c45, 0x3bc3, 0x4425, 0x4c46, 0x4c45, 0x5445, 0x5446, 0x4c27, 0x3ba5, 0x3b85, 0x3304, 0x3b45, 0x5448, 0x3bc5, 0x3383, 0x5446, 
	0x4c25, 0x33a3, 0x4425, 0x4c45, 0x4c66, 0x4be5, 0x32c1, 0x5c27, 0x4c05, 0x4c45, 0x4c26, 0x3342, 0x3b84, 0x4c46, 0x4c06, 0x43a4, 
	0x4c25, 0x5445, 0x4c45, 0x43c5, 0x3305, 0x2a84, 0x32c4, 0x4386, 0x43c6, 0x4c27, 0x5466, 0x4c25, 0x4be5, 0x3b64, 0x43a4, 0x5446, 
	0x2b05, 0x4367, 0x32e5, 0x3b45, 0x4be5, 0x5446, 0x5447, 0x3b85, 0x2b03, 0x43e5, 0x4425, 0x4c45, 0x5406, 0x4385, 0x4c05, 0x5445, 
	0x4c45, 0x4c46, 0x3b85, 0x2b03, 0x5448, 0x4c06, 0x3363, 0x3bc4, 0x4c46, 0x5426, 0x4364, 0x32e3, 0x32a5, 0x3ae6, 0x5428, 0x5c48, 
	0x43a6, 0x32e3, 0x4385, 0x5447, 0x4c26, 0x5466, 0x4c26, 0x3ba3, 0x4c45, 0x5466, 0x4c46, 0x5446, 0x43e5, 0x3343, 0x3324, 0x43a6, 
	0x5447, 0x4c26, 0x3363, 0x4c06, 0x43e4, 0x3bc3, 0x5c87, 0x64c7, 0xa70e, 0x7589, 0x3322, 0x3b85, 0x5427, 0x3ba4, 0x3b83, 0x5446, 
	0x4c65, 0x4444, 0x4c46, 0x3362, 0x4445, 0x4c86, 0x4425, 0x5446, 0x4c26, 0x3bc4, 0x4c46, 0x4426, 0x3b64, 0x5427, 0x4c46, 0x3bc4, 
	0x5467, 0x4364, 0x2aa3, 0x3b25, 0x43c6, 0x5427, 0x4345, 0x3b04, 0x3b04, 0x4385, 0x4c66, 0x4c66, 0x3ba5, 0x3b44, 0x4364, 0x3b22, 
	0x4384, 0x43c5, 0x4c66, 0x4c47, 0x4bc7, 0x2aa4, 0x32c4, 0x43a6, 0x4c05, 0x3382, 0x3344, 0x3b65, 0x5467, 0x5446, 0x5446, 0x43c4, 
	0x3323, 0x4c06, 0x4c65, 0x5486, 0x4c26, 0x3323, 0x4c05, 0x5446, 0x4c25, 0x4c66, 0x4c66, 0x3bc3, 0x3322, 0x4c05, 0x4c46, 0x5467, 
	0x3b84, 0x2ac3, 0x22c3, 0x4be7, 0x5447, 0x43c5, 0x3b44, 0x4be6, 0x4c26, 0x4c26, 0x4c25, 0x5467, 0x43a6, 0x2ae3, 0x4c05, 0x4c45, 
	0x5465, 0x5466, 0x4c46, 0x2b02, 0x3b44, 0x4be6, 0x5426, 0x4c06, 0x3b25, 0x53e8, 0x4c07, 0x3b44, 0x4386, 0x2aa3, 0x3b64, 0x5446, 
	0x4c66, 0x4c46, 0x4386, 0x2283, 0x32e3, 0x4c06, 0x4c46, 0x4c46, 0x3344, 0x3b65, 0x5426, 0x5426, 0x2b43, 0x43e6, 0x4c26, 0x43a4, 
	0x4be4, 0x5c66, 0x962d, 0x64c9, 0x2b03, 0x3323, 0x4c26, 0x43c4, 0x43c4, 0x4c26, 0x5447, 0x3b64, 0x3324, 0x4bc7, 0x4bc6, 0x43c5, 
	0x43e4, 0x3382, 0x4c45, 0x5486, 0x5426, 0x4c05, 0x3b64, 0x3b64, 0x2ac3, 0x3b65, 0x3b25, 0x4365, 0x4c27, 0x3343, 0x4c05, 0x5446, 
	0x4c26, 0x3363, 0x4405, 0x4c46, 0x5467, 0x4be6, 0x2a62, 0x4b65, 0x4c06, 0x4c45, 0x4c26, 0x22c1, 0x3344, 0x5c68, 0x43a5, 0x2ae2, 
	0x43e5, 0x4c25, 0x4c25, 0x3343, 0x2284, 0x2a65, 0x3b06, 0x4367, 0x2ae5, 0x3b86, 0x3ba4, 0x5446, 0x5c27, 0x4385, 0x32e3, 0x4be6, 
	0x3b46, 0x32e5, 0x2a63, 0x2a84, 0x3b44, 0x4bc6, 0x4ba6, 0x4b86, 0x2aa2, 0x3b65, 0x4c46, 0x4c26, 0x4366, 0x3b05, 0x3b24, 0x5426, 
	0x4c46, 0x4c46, 0x3b85, 0x2ac3, 0x4386, 0x3b64, 0x2b22, 0x3363, 0x4c25, 0x5427, 0x3b04, 0x2a64, 0x3245, 0x3266, 0x4326, 0x4bc7, 
	0x4347, 0x2a84, 0x32c5, 0x4386, 0x4be6, 0x4c06, 0x3b84, 0x3322, 0x4c25, 0x5446, 0x4c05, 0x43c5, 0x43a5, 0x4385, 0x3304, 0x3b24, 
	0x5467, 0x4c25, 0x3362, 0x43e4, 0x5466, 0x5466, 0x3b63, 0x2b01, 0x5cc6, 0x7549, 0x3b65, 0x2ae4, 0x5427, 0x3b84, 0x43a4, 0x5446, 
	0x4c45, 0x4c25, 0x5426, 0x3b64, 0x4405, 0x4c46, 0x5447, 0x43c5, 0x3344, 0x3364, 0x5467, 0x4c26, 0x3b24, 0x4386, 0x43c5, 0x43a4, 
	0x5427, 0x3b25, 0x2a83, 0x2aa3, 0x5427, 0x5427, 0x3b05, 0x4326, 0x3284, 0x4345, 0x43c5, 0x4406, 0x4386, 0x3b05, 0x53c7, 0x4bc6, 
	0x3b43, 0x4c05, 0x4445, 0x4c46, 0x4366, 0x3284, 0x2a84, 0x4bc7, 0x4c26, 0x4c05, 0x32e4, 0x2a83, 0x43a6, 0x5c67, 0x43c6, 0x22a2, 
	0x2ae3, 0x4be6, 0x5466, 0x4c46, 0x5427, 0x2ac3, 0x53e6, 0x5c47, 0x43e5, 0x3342, 0x4c05, 0x4c26, 0x3303, 0x3b64, 0x5467, 0x5446, 
	0x43a5, 0x22a2, 0x22a2, 0x43a6, 0x5c28, 0x4385, 0x2aa3, 0x2ac3, 0x43a5, 0x4c26, 0x4be5, 0x3b85, 0x3304, 0x4385, 0x4c26, 0x4c25, 
	0x4c25, 0x4c26, 0x5448, 0x3324, 0x4345, 0x32e3, 0x3b44, 0x5c28, 0x3b26, 0x2a63, 0x4386, 0x4ba6, 0x32e5, 0x2a84, 0x32c3, 0x4bc6, 
	0x5466, 0x4c26, 0x4366, 0x32a4, 0x2aa4, 0x4386, 0x5447, 0x5447, 0x3b45, 0x3b24, 0x4bc5, 0x5426, 0x3343, 0x4406, 0x5467, 0x5427, 
	0x3303, 0x32e3, 0x5c47, 0x7d2a, 0x4385, 0x22a2, 0x43c6, 0x3b64, 0x43a5, 0x5427, 0x5428, 0x3b65, 0x3305, 0x3b25, 0x4365, 0x4385, 
	0x3b84, 0x4c05, 0x4c45, 0x4c45, 0x4be6, 0x3b04, 0x2282, 0x3324, 0x32e4, 0x4346, 0x3ae5, 0x3b25, 0x5427, 0x4406, 0x3383, 0x4c26, 
	0x5447, 0x3322, 0x4c26, 0x4c26, 0x3b84, 0x4386, 0x3a84, 0x2a22, 0x5406, 0x5446, 0x4c06, 0x2ae2, 0x3304, 0x4386, 0x3b44, 0x3303, 
	0x3b44, 0x4c26, 0x5446, 0x3344, 0x2284, 0x2265, 0x3b26, 0x3b06, 0x2263, 0x2283, 0x3b24, 0x4ba6, 0x4b66, 0x5387, 0x2a83, 0x4346, 
	0x3325, 0x3b46, 0x2a84, 0x3284, 0x3b26, 0x3ae5, 0x3283, 0x4b46, 0x3284, 0x4346, 0x5427, 0x3b85, 0x2283, 0x2a63, 0x2aa3, 0x4be7, 
	0x4c46, 0x4c47, 0x43a6, 0x2aa3, 0x2a82, 0x4345, 0x43c5, 0x3b84, 0x4c06, 0x53c7, 0x3284, 0x2a04, 0x3246, 0x3266, 0x2a64, 0x4b87, 
	0x3285, 0x32a6, 0x3285, 0x32a4, 0x4365, 0x3b44, 0x2aa2, 0x3b65, 0x5426, 0x5447, 0x53e6, 0x3b44, 0x5407, 0x5c28, 0x4346, 0x2a83, 
	0x43a5, 0x4c26, 0x4c04, 0x4c25, 0x4c46, 0x5446, 0x3b65, 0x22a2, 0x43a4, 0x64a9, 0x5408, 0x2a83, 0x3b85, 0x3b84, 0x4384, 0x5426, 
	0x4c26, 0x5467, 0x43a5, 0x3303, 0x43e6, 0x3ba5, 0x4bc7, 0x32e4, 0x2283, 0x3b66, 0x5447, 0x4be6, 0x32c3, 0x3ae5, 0x3304, 0x4365, 
	0x4346, 0x3ac4, 0x32a4, 0x3b45, 0x4c28, 0x3ba5, 0x32c4, 0x32a5, 0x3264, 0x4326, 0x3324, 0x4be7, 0x4ba7, 0x2a83, 0x4346, 0x32e4, 
	0x3b43, 0x5446, 0x4c46, 0x4426, 0x32e4, 0x3285, 0x2a64, 0x4b87, 0x5447, 0x4be6, 0x3b05, 0x32a4, 0x2aa3, 0x3b66, 0x43a7, 0x3304, 
	0x32e4, 0x4386, 0x5446, 0x43e4, 0x3b65, 0x2aa4, 0x3b24, 0x4ba6, 0x3344, 0x2b03, 0x43e5, 0x5c48, 0x4386, 0x3b24, 0x5447, 0x4c06, 
	0x3b64, 0x4bc6, 0x3323, 0x43a5, 0x5c28, 0x3b05, 0x2a84, 0x2aa4, 0x4385, 0x5c68, 0x3b65, 0x2283, 0x2aa4, 0x4ba7, 0x5427, 0x5446, 
	0x5c67, 0x4384, 0x3b25, 0x2aa4, 0x4ba7, 0x3b25, 0x32c4, 0x3b06, 0x32a5, 0x2a64, 0x4366, 0x5c08, 0x32c5, 0x3285, 0x2a64, 0x3b05, 
	0x3ba5, 0x5447, 0x4365, 0x2a83, 0x2a84, 0x32e5, 0x4be7, 0x5c48, 0x4346, 0x32c4, 0x3b23, 0x5446, 0x43e5, 0x4c46, 0x5446, 0x5447, 
	0x3b26, 0x2a83, 0x3b04, 0x6489, 0x5c48, 0x32e3, 0x3b25, 0x4386, 0x3b65, 0x4be7, 0x3b45, 0x32e4, 0x4366, 0x32e4, 0x2aa3, 0x32c3, 
	0x4365, 0x5468, 0x4c45, 0x4c25, 0x4366, 0x2a63, 0x3b25, 0x53c7, 0x53e9, 0x32c5, 0x2a64, 0x32c4, 0x43c6, 0x5467, 0x3363, 0x43c4, 
	0x4bc5, 0x3b64, 0x43e5, 0x4c27, 0x2ae2, 0x3b05, 0x5b48, 0x21a1, 0x3b24, 0x5447, 0x4c06, 0x3344, 0x2ac3, 0x2283, 0x4365, 0x53c7, 
	0x3b24, 0x5427, 0x4c26, 0x3344, 0x2284, 0x2264, 0x3b25, 0x4326, 0x2a64, 0x2244, 0x4326, 0x32a4, 0x3264, 0x4b27, 0x2a43, 0x4326, 
	0x3343, 0x5407, 0x3ae5, 0x2a24, 0x3aa6, 0x3a86, 0x2a05, 0x3225, 0x3a85, 0x4b67, 0x4ba6, 0x3b65, 0x32a4, 0x2a84, 0x2aa4, 0x43a6, 
	0x5446, 0x4c25, 0x4384, 0x3b24, 0x32c3, 0x4ba7, 0x53e8, 0x3b45, 0x32e4, 0x3b06, 0x6bec, 0x5b4b, 0x29e6, 0x29c4, 0x3aa5, 0x4b26, 
	0x3285, 0x3265, 0x3265, 0x3264, 0x32e4, 0x3b05, 0x32a4, 0x3b05, 0x4386, 0x5428, 0x4386, 0x32c4, 0x3b04, 0x4b87, 0x3ae6, 0x2a84, 
	0x3344, 0x5447, 0x4c25, 0x5425, 0x4c26, 0x4c26, 0x4386, 0x2283, 0x22c3, 0x43a6, 0x5408, 0x4365, 0x3324, 0x4365, 0x4384, 0x5c47, 
	0x5407, 0x43a6, 0x32a3, 0x32e4, 0x4c07, 0x3b65, 0x3b05, 0x2a64, 0x2a85, 0x32e5, 0x4be7, 0x5407, 0x3283, 0x3284, 0x32c4, 0x3b06, 
	0x3264, 0x3aa5, 0x32a4, 0x4bc7, 0x4c27, 0x3bc6, 0x2aa4, 0x2a64, 0x3244, 0x3aa5, 0x2aa3, 0x4ba7, 0x4b87, 0x3284, 0x4347, 0x2aa4, 
	0x3b44, 0x5426, 0x3be6, 0x3365, 0x2aa4, 0x3285, 0x3285, 0x3ae6, 0x4bc7, 0x3b85, 0x53c7, 0x3b05, 0x2aa4, 0x2263, 0x4bc8, 0x4ba8, 
	0x2a84, 0x32c4, 0x4c26, 0x4c06, 0x2aa4, 0x2a84, 0x32c5, 0x2a63, 0x3326, 0x43a7, 0x3b65, 0x4bc6, 0x4b66, 0x2a83, 0x4385, 0x3b84, 
	0x4bc5, 0x5427, 0x3343, 0x43c6, 0x53e8, 0x2aa4, 0x3286, 0x2a85, 0x4ba7, 0x53e8, 0x2ac4, 0x2aa5, 0x32a5, 0x2aa5, 0x3304, 0x4bc6, 
	0x53e6, 0x3304, 0x2284, 0x2a85, 0x4b67, 0x4306, 0x3266, 0x2a66, 0x3267, 0x3265, 0x32c4, 0x53a7, 0x3ac6, 0x3266, 0x3a87, 0x2a45, 
	0x2ac4, 0x5c28, 0x53c7, 0x32a3, 0x2a85, 0x2a85, 0x32e5, 0x4347, 0x42e6, 0x3284, 0x3303, 0x5446, 0x4c65, 0x4445, 0x4c05, 0x4be7, 
	0x32c5, 0x2a65, 0x2a84, 0x3b25, 0x5407, 0x4be6, 0x3b46, 0x3b46, 0x4385, 0x53e6, 0x2ac4, 0x2263, 0x4345, 0x4345, 0x3b24, 0x4346, 
	0x3325, 0x43a6, 0x4c45, 0x5446, 0x4326, 0x2a64, 0x53c8, 0x53c7, 0x3b06, 0x3ac6, 0x3285, 0x2aa4, 0x43c6, 0x4c47, 0x43c5, 0x3342, 
	0x3b64, 0x4be6, 0x3343, 0x4c06, 0x4be6, 0x3b24, 0x4265, 0x2982, 0x2a82, 0x5407, 0x4c07, 0x3b65, 0x3305, 0x32c4, 0x4ba7, 0x53e7, 
	0x3b44, 0x5407, 0x3b86, 0x2ae4, 0x2283, 0x2aa3, 0x3b24, 0x53e8, 0x3ae6, 0x3285, 0x3265, 0x3225, 0x29e5, 0x21c4, 0x2a23, 0x4b47, 
	0x3322, 0x4365, 0x4b47, 0x3a66, 0x3205, 0x3a47, 0x2985, 0x2143, 0x3225, 0x4b48, 0x32c4, 0x4365, 0x4b87, 0x2aa3, 0x2263, 0x3325, 
	0x5446, 0x4c25, 0x3323, 0x32e3, 0x32c4, 0x5bc9, 0x4b88, 0x2a64, 0x3285, 0xa5f4, 0xf7fe, 0xef9d, 0x8c91, 0x73cd, 0x3a65, 0x42e6, 
	0x3286, 0x3266, 0x3265, 0x3264, 0x3ae5, 0x3b06, 0x3284, 0x32a5, 0x32e4, 0x4bc7, 0x4346, 0x2a83, 0x2a84, 0x2a84, 0x3265, 0x3285, 
	0x32e5, 0x4c07, 0x5426, 0x4c05, 0x5446, 0x4bc6, 0x2aa4, 0x2aa5, 0x2aa4, 0x3305, 0x4366, 0x4ba7, 0x3b45, 0x3b25, 0x4364, 0x5407, 
	0x3304, 0x2ac4, 0x3ae4, 0x4346, 0x3304, 0x3b45, 0x4327, 0x3265, 0x3286, 0x3285, 0x4366, 0x53c7, 0x4b87, 0x3284, 0x2a84, 0x4347, 
	0x3aa5, 0x2a43, 0x32a4, 0x4ba7, 0x4c07, 0x5428, 0x4b87, 0x3285, 0x3285, 0x3244, 0x2a64, 0x32c5, 0x3ac5, 0x2a64, 0x4308, 0x2a64, 
	0x3b04, 0x5428, 0x3365, 0x22c3, 0x3b26, 0x2a44, 0x2a65, 0x2a65, 0x32e5, 0x4bc7, 0x53e8, 0x4346, 0x2aa5, 0x2a85, 0x3b26, 0x3b05, 
	0x2a84, 0x32c4, 0x4be6, 0x5407, 0x4347, 0x2a85, 0x4327, 0x3285, 0x2a85, 0x3b27, 0x32c3, 0x4ba7, 0x53a8, 0x2a63, 0x4365, 0x3b64, 
	0x4b85, 0x32e2, 0x4365, 0x4bc7, 0x3305, 0x3ae6, 0x3ae8, 0x3265, 0x4347, 0x32e5, 0x2a85, 0x2a86, 0x2a65, 0x2a85, 0x2aa4, 0x4386, 
	0x32e4, 0x32c4, 0x2a85, 0x3286, 0x3265, 0x3266, 0x3266, 0x3268, 0x3a47, 0x3266, 0x2a64, 0x3ac4, 0x3265, 0x3266, 0x3247, 0x3267, 
	0x2a84, 0x4366, 0x5c28, 0x4325, 0x2a65, 0x2a66, 0x3285, 0x3ac6, 0x3265, 0x2a44, 0x32e4, 0x43c5, 0x4c45, 0x4c46, 0x5446, 0x4ba6, 
	0x2a85, 0x3266, 0x2a65, 0x2a84, 0x3b04, 0x4385, 0x3b26, 0x32e5, 0x4b86, 0x53e7, 0x2aa4, 0x2a63, 0x4365, 0x53c7, 0x4365, 0x3ae5, 
	0x2ac4, 0x2ae4, 0x4c06, 0x4be6, 0x3b06, 0x3245, 0x4b47, 0x4306, 0x2a65, 0x3265, 0x3264, 0x3ae6, 0x4be7, 0x4c07, 0x5467, 0x3363, 
	0x3b64, 0x4bc6, 0x3304, 0x3b65, 0x5448, 0x5c08, 0x3203, 0x2982, 0x3283, 0x53e7, 0x53e7, 0x3304, 0x2ac4, 0x32e5, 0x4ba7, 0x53c7, 
	0x3b24, 0x5c28, 0x3b46, 0x1a63, 0x2ae5, 0x53c8, 0x4344, 0x4325, 0x4b67, 0x3265, 0x3225, 0x3a27, 0x2165, 0x1944, 0x3224, 0x4b27, 
	0x4bc6, 0x32c4, 0x3a86, 0x3a47, 0x4227, 0x39c6, 0x41a6, 0x2923, 0x3205, 0x42e7, 0x3284, 0x4325, 0x6469, 0x3b45, 0x2263, 0x3b05, 
	0x5427, 0x4c46, 0x3323, 0x43a5, 0x4346, 0x4306, 0x3265, 0x29e4, 0xb5f5, 0xf7fe, 0xffff, 0xfffe, 0xffff, 0xef7c, 0x3a66, 0x3225, 
	0x3266, 0x2a66, 0x3265, 0x3286, 0x3265, 0x3265, 0x32a6, 0x3b07, 0x2aa4, 0x32c5, 0x32c6, 0x2a64, 0x32a5, 0x3285, 0x3266, 0x3286, 
	0x2a64, 0x3b05, 0x5407, 0x5c46, 0x5c46, 0x4385, 0x32a4, 0x2a65, 0x32c5, 0x2aa4, 0x2a84, 0x3ac5, 0x32a4, 0x32e5, 0x4bc7, 0x3b24, 
	0x2aa3, 0x2a63, 0x4b67, 0x32e5, 0x32e4, 0x5c09, 0x4306, 0x3264, 0x3225, 0x3225, 0x3284, 0x32e5, 0x5c29, 0x3ae4, 0x32c4, 0x4326, 
	0x32a4, 0x3284, 0x32c4, 0x4b46, 0x3b05, 0x4366, 0x4ba7, 0x4ba7, 0x3b05, 0x3264, 0x3265, 0x3265, 0x2a65, 0x2a65, 0x3286, 0x2a45, 
	0x3ae5, 0x5be9, 0x2ae3, 0x3b45, 0x4347, 0x2a65, 0x3245, 0x2a45, 0x32a5, 0x53e9, 0x3325, 0x2a84, 0x2a65, 0x2a44, 0x3285, 0x32c5, 
	0x3285, 0x32a5, 0x4bc7, 0x3304, 0x3ae6, 0x3286, 0x3ac7, 0x2a65, 0x3266, 0x2a64, 0x3284, 0x3b06, 0x3b07, 0x2a83, 0x3b04, 0x4b85, 
	0x4ba6, 0x2a83, 0x3ae6, 0x32c6, 0x2264, 0x3b26, 0x4347, 0x2a64, 0x3285, 0x2a45, 0x3266, 0x2a66, 0x2a65, 0x2a64, 0x32a4, 0x3ae5, 
	0x3264, 0x3265, 0x3286, 0x2a46, 0x2a46, 0x3267, 0x3226, 0x3a26, 0x3a26, 0x5308, 0x3285, 0x2a64, 0x3265, 0x3266, 0x3246, 0x3266, 
	0x2a65, 0x2a64, 0x4306, 0x4306, 0x3265, 0x3265, 0x3286, 0x3ac7, 0x3266, 0x2a45, 0x2a64, 0x3b05, 0x4bc6, 0x5427, 0x5c28, 0x4b87, 
	0x3285, 0x3286, 0x3285, 0x32a5, 0x32a4, 0x3ac5, 0x2a85, 0x32a5, 0x4b66, 0x32c4, 0x2aa4, 0x2262, 0x4345, 0x5c28, 0x3b04, 0x2263, 
	0x2aa3, 0x2283, 0x4386, 0x4366, 0x2a44, 0x3a86, 0x3a66, 0x3a46, 0x2a05, 0x3225, 0x3245, 0x3264, 0x32e4, 0x5427, 0x4c26, 0x4c26, 
	0x5407, 0x3304, 0x4367, 0x2ac5, 0x3325, 0x5c09, 0x5368, 0x1980, 0x3263, 0x63e8, 0x53e7, 0x4bc6, 0x3b45, 0x3b25, 0x4b86, 0x4b86, 
	0x4b85, 0x4bc6, 0x32e5, 0x2264, 0x2aa5, 0x4347, 0x5be9, 0x3b05, 0x3264, 0x3a45, 0x4226, 0x39a6, 0x3986, 0x2964, 0x3204, 0x4307, 
	0x53e8, 0x4306, 0x3a46, 0x31a5, 0x39a6, 0x41c7, 0x49a6, 0x2923, 0x3a26, 0x3245, 0x3244, 0x42e5, 0x53c7, 0x4366, 0x2a63, 0x32c5, 
	0x53e7, 0x4c07, 0x3303, 0x4386, 0x4347, 0x2a44, 0x3245, 0xadd5, 0xffff, 0xf7fe, 0xfffe, 0xffff, 0xef7d, 0xa595, 0x3226, 0x3266, 
	0x3a86, 0x3286, 0x3265, 0x3285, 0x4308, 0x3286, 0x2a24, 0x3285, 0x2a85, 0x2a85, 0x32a5, 0x2a85, 0x3ac6, 0x4307, 0x3266, 0x2a65, 
	0x2a65, 0x32c4, 0x3b24, 0x4bc6, 0x4bc6, 0x3b04, 0x2a44, 0x3266, 0x3ae6, 0x4ba8, 0x32c5, 0x2a64, 0x2a84, 0x4326, 0x53c8, 0x3b26, 
	0x2a64, 0x3ae6, 0x3ae6, 0x3ac5, 0x32c5, 0x4347, 0x4307, 0x3224, 0x31a4, 0x39e5, 0x3a85, 0x32c5, 0x53e8, 0x32e4, 0x2a83, 0x3b05, 
	0x3b25, 0x53c8, 0x3ac4, 0x3a84, 0x2a02, 0x2a23, 0x3ae4, 0x5408, 0x53e8, 0x32a4, 0x3265, 0x3245, 0x2a65, 0x2a65, 0x2a46, 0x3266, 
	0x3ac6, 0x4306, 0x4366, 0x4366, 0x2a84, 0x2a65, 0x3a86, 0x42c7, 0x32c5, 0x4367, 0x4387, 0x3306, 0x2a44, 0x3aa6, 0x3ac6, 0x2a44, 
	0x3265, 0x32a5, 0x3b25, 0x43a7, 0x3b06, 0x32a6, 0x2a25, 0x3266, 0x3245, 0x3265, 0x3244, 0x3284, 0x2aa5, 0x2a84, 0x2a83, 0x4b86, 
	0x4325, 0x2a84, 0x2a44, 0x2a85, 0x2aa5, 0x32a4, 0x4346, 0x3ae6, 0x3286, 0x3245, 0x2a66, 0x3ac7, 0x32a6, 0x3ac5, 0x3ac5, 0x3a64, 
	0x3a65, 0x3a66, 0x2a25, 0x3246, 0x3a47, 0x3206, 0x31a5, 0x31a5, 0x3a46, 0x4286, 0x2a44, 0x2a65, 0x32a6, 0x3266, 0x3a67, 0x3226, 
	0x3246, 0x3a86, 0x3265, 0x3265, 0x3aa6, 0x42e7, 0x2a45, 0x2a45, 0x2a45, 0x3286, 0x3ac6, 0x2a64, 0x32a4, 0x4345, 0x4ba6, 0x3b05, 
	0x2a64, 0x2a44, 0x3ac5, 0x53a9, 0x3ac6, 0x2a64, 0x2a85, 0x3ae6, 0x4306, 0x3284, 0x3b05, 0x2aa3, 0x4345, 0x4365, 0x4b86, 0x4346, 
	0x4326, 0x32c5, 0x2aa4, 0x32e5, 0x5348, 0x42a7, 0x3a26, 0x31c5, 0x2164, 0x31e5, 0x3a46, 0x3265, 0x2a63, 0x3b65, 0x4c26, 0x4c47, 
	0x4ba6, 0x2aa4, 0x2ac5, 0x2a85, 0x2a84, 0x4326, 0x4b26, 0x21c1, 0x3a64, 0x5347, 0x5bc7, 0x4b86, 0x3b25, 0x3b45, 0x2ac4, 0x2aa3, 
	0x53c7, 0x4b86, 0x2243, 0x2a65, 0x32a6, 0x3285, 0x5bc9, 0x5388, 0x3a65, 0x31e4, 0x39a5, 0x49c7, 0x49c6, 0x3164, 0x3225, 0x3265, 
	0x4b07, 0x4aa6, 0x39c5, 0x2924, 0x4186, 0x5208, 0x49e7, 0x3164, 0x3226, 0x2a05, 0x3224, 0x3244, 0x3ac4, 0x4b87, 0x32c5, 0x2243, 
	0x2a84, 0x4346, 0x32a4, 0x4327, 0x3285, 0x3285, 0x6c0c, 0xced8, 0xf7ff, 0xffff, 0xf7fe, 0xced9, 0x5b6c, 0x42c8, 0x3266, 0x2a45, 
	0x3286, 0x42e7, 0x2a64, 0x3285, 0x4b48, 0x2a64, 0x32a6, 0x3285, 0x2a65, 0x3285, 0x4b47, 0x4b67, 0x32a4, 0x32c5, 0x3264, 0x32a5, 
	0x4327, 0x2aa4, 0x2283, 0x32e5, 0x32e5, 0x32c5, 0x32a6, 0x2a44, 0x2aa4, 0x4ba7, 0x53c7, 0x2aa4, 0x2a85, 0x3b07, 0x4327, 0x32c5, 
	0x3ac6, 0x3ac7, 0x3285, 0x3285, 0x3265, 0x3245, 0x3a25, 0x4206, 0x5a27, 0x3964, 0x3a25, 0x42e7, 0x4b67, 0x2a63, 0x2283, 0x4b87, 
	0x4ba7, 0x53c7, 0x5388, 0x2a03, 0x21a2, 0x29e3, 0x3284, 0x3b04, 0x53c8, 0x32a4, 0x3285, 0x32a5, 0x3ae6, 0x3b07, 0x2a46, 0x3266, 
	0x42c6, 0x4b46, 0x3ae4, 0x32a4, 0x3265, 0x2a04, 0x2a24, 0x4b47, 0x4346, 0x2ac3, 0x4b88, 0x32c6, 0x2a45, 0x3266, 0x3a86, 0x3a86, 
	0x3aa6, 0x5368, 0x32e4, 0x53c7, 0x3b25, 0x2a64, 0x2a25, 0x3245, 0x3266, 0x3265, 0x2a44, 0x32a5, 0x4348, 0x2a64, 0x32a6, 0x4307, 
	0x2a64, 0x3ae6, 0x3ae6, 0x2a84, 0x4346, 0x32e4, 0x4346, 0x32a5, 0x3245, 0x3266, 0x3265, 0x4b68, 0x3b06, 0x4326, 0x4306, 0x3243, 
	0x3a66, 0x3a46, 0x3226, 0x3a47, 0x39e6, 0x3985, 0x3123, 0x3123, 0x31a4, 0x3225, 0x3265, 0x4328, 0x32a6, 0x3266, 0x3245, 0x3246, 
	0x4267, 0x3a05, 0x3204, 0x3265, 0x3a85, 0x4327, 0x3285, 0x32a5, 0x3286, 0x32a6, 0x4b47, 0x3283, 0x3284, 0x32c5, 0x2a83, 0x3ae5, 
	0x3ae6, 0x2a64, 0x2a63, 0x4346, 0x53a8, 0x2a84, 0x2244, 0x3ac6, 0x42e6, 0x2a63, 0x4bc7, 0x4345, 0x3ae4, 0x32c4, 0x53e8, 0x4b87, 
	0x2a84, 0x32a6, 0x2264, 0x32c5, 0x5b89, 0x4286, 0x39e5, 0x3144, 0x3144, 0x39c6, 0x3a06, 0x3225, 0x2a43, 0x2aa3, 0x4c27, 0x4c27, 
	0x3b25, 0x2a44, 0x2a65, 0x32c6, 0x2a63, 0x3284, 0x4b47, 0x42c5, 0x29e3, 0x3a85, 0x4b27, 0x3ac5, 0x3b06, 0x3b26, 0x1a42, 0x2aa4, 
	0x4b87, 0x32c4, 0x32a5, 0x3aa6, 0x3265, 0x3266, 0x42e7, 0x42c7, 0x3205, 0x2963, 0x3985, 0x5208, 0x5207, 0x3184, 0x3205, 0x29e4, 
	0x3a05, 0x41e5, 0x3144, 0x3104, 0x4165, 0x5228, 0x5207, 0x41e6, 0x3a47, 0x3206, 0x2983, 0x31c4, 0x3244, 0x4307, 0x3ae6, 0x2244, 
	0x3264, 0x3265, 0x3aa6, 0x3ac7, 0x42e8, 0x42e7, 0x3265, 0x84f0, 0xdf9c, 0xdf3b, 0x9d32, 0x3246, 0x3aa7, 0x3aa7, 0x2a24, 0x3265, 
	0x3285, 0x42e6, 0x32a5, 0x3ae5, 0x4326, 0x3284, 0x4307, 0x3286, 0x3265, 0x3285, 0x53a8, 0x5c09, 0x32a3, 0x4325, 0x4306, 0x32c4, 
	0x4367, 0x2aa4, 0x2aa5, 0x2a65, 0x32a5, 0x32c6, 0x3b07, 0x2aa5, 0x2242, 0x3b25, 0x5c48, 0x32e4, 0x2a85, 0x2a65, 0x2a64, 0x2a44, 
	0x3266, 0x3266, 0x3266, 0x2224, 0x2a24, 0x3a46, 0x41c5, 0x5207, 0x6228, 0x49a5, 0x39e5, 0x42a6, 0x4327, 0x2aa4, 0x2aa4, 0x4bc8, 
	0x4ba7, 0x32c4, 0x42c6, 0x29c3, 0x31e4, 0x42a6, 0x2a63, 0x32e4, 0x3b06, 0x32c5, 0x2a64, 0x2a64, 0x32e5, 0x4347, 0x2a45, 0x3245, 
	0x3244, 0x5367, 0x3ae5, 0x3264, 0x3225, 0x29e5, 0x3a66, 0x3ac5, 0x53c8, 0x4325, 0x4347, 0x2a65, 0x3245, 0x3266, 0x3a45, 0x3225, 
	0x3a86, 0x42e6, 0x2a62, 0x4345, 0x4b86, 0x3263, 0x3245, 0x21c3, 0x3265, 0x3aa5, 0x32c5, 0x32e5, 0x4347, 0x2a64, 0x3266, 0x4309, 
	0x3266, 0x32a6, 0x4306, 0x32c5, 0x4b67, 0x3ae5, 0x32c4, 0x3285, 0x3245, 0x3205, 0x2a25, 0x4b08, 0x3ae5, 0x4326, 0x4326, 0x42c6, 
	0x42c7, 0x3a66, 0x3a46, 0x3a26, 0x3144, 0x3104, 0x3924, 0x4185, 0x3164, 0x3205, 0x3266, 0x4328, 0x3286, 0x3266, 0x3245, 0x3a26, 
	0x5288, 0x4a27, 0x39e5, 0x3205, 0x3aa6, 0x4b68, 0x32c4, 0x4346, 0x3ae6, 0x32a5, 0x4b45, 0x32a3, 0x3265, 0x3245, 0x2a43, 0x32a4, 
	0x32c5, 0x3ac5, 0x32a4, 0x32e4, 0x646a, 0x3b26, 0x2243, 0x32a6, 0x3ac6, 0x2a64, 0x4bc8, 0x4be7, 0x2aa4, 0x2a84, 0x4b87, 0x4b87, 
	0x2a64, 0x3286, 0x2a85, 0x3265, 0x3a65, 0x31c4, 0x3143, 0x3124, 0x3124, 0x2924, 0x39c6, 0x3a66, 0x3ac6, 0x32c4, 0x43a6, 0x4be7, 
	0x4347, 0x3285, 0x2a65, 0x3ae6, 0x32c4, 0x2a63, 0x4b26, 0x5b88, 0x2a04, 0x3225, 0x3265, 0x2a24, 0x3ac7, 0x3ae6, 0x2264, 0x32a5, 
	0x3b27, 0x2a64, 0x4b48, 0x42c7, 0x3225, 0x3a66, 0x3a26, 0x3a06, 0x2984, 0x2923, 0x41a6, 0x5a28, 0x5228, 0x41e6, 0x3a26, 0x3226, 
	0x3944, 0x3944, 0x3924, 0x4165, 0x4166, 0x49a6, 0x41a6, 0x39c6, 0x3227, 0x3a27, 0x2923, 0x3143, 0x31c4, 0x4286, 0x3aa6, 0x3265, 
	0x3245, 0x3a86, 0x3a66, 0x3225, 0x3246, 0x3286, 0x3aa6, 0x4b29, 0x42e9, 0x3a67, 0x3246, 0x3aa7, 0x3286, 0x32a6, 0x2224, 0x2203, 
	0x3244, 0x3264, 0x4b87, 0x4b67, 0x3b25, 0x3ae5, 0x3285, 0x3245, 0x3246, 0x2a44, 0x3ac5, 0x4b66, 0x2a82, 0x4325, 0x4325, 0x2a83, 
	0x4b87, 0x3b26, 0x4327, 0x2a85, 0x3265, 0x2a45, 0x2aa4, 0x4367, 0x32c4, 0x4345, 0x5428, 0x4bc7, 0x32a5, 0x2a25, 0x3245, 0x3a66, 
	0x3a26, 0x3a66, 0x2a45, 0x2a65, 0x3266, 0x3a46, 0x41e7, 0x5a29, 0x6a29, 0x51a6, 0x39e5, 0x3a66, 0x3265, 0x2a85, 0x3b06, 0x3b06, 
	0x4b87, 0x3264, 0x3204, 0x31c4, 0x3a25, 0x42a6, 0x4326, 0x4346, 0x3b06, 0x4b48, 0x32a6, 0x2a84, 0x3b66, 0x3b66, 0x2a44, 0x2a45, 
	0x3264, 0x3285, 0x3285, 0x3a86, 0x31c5, 0x31a5, 0x3a26, 0x3a46, 0x4307, 0x5388, 0x3265, 0x3265, 0x3225, 0x3a46, 0x3a46, 0x3a25, 
	0x3a66, 0x3245, 0x3ac5, 0x3ae5, 0x4b67, 0x42e6, 0x2a05, 0x21a3, 0x2a24, 0x4b68, 0x3b26, 0x2ac3, 0x4bc7, 0x32a4, 0x3245, 0x3a87, 
	0x3266, 0x3286, 0x32a5, 0x4326, 0x3b05, 0x4367, 0x3284, 0x3265, 0x4267, 0x31c5, 0x2984, 0x3a06, 0x3a44, 0x3ac5, 0x3aa6, 0x42e7, 
	0x3aa6, 0x3a86, 0x2a25, 0x3a26, 0x3184, 0x3104, 0x4965, 0x51e7, 0x3164, 0x3a06, 0x3a66, 0x3266, 0x3246, 0x3226, 0x3226, 0x3a26, 
	0x5228, 0x5a69, 0x5248, 0x39e5, 0x3244, 0x4346, 0x3b45, 0x4366, 0x32a4, 0x32a4, 0x4365, 0x4b66, 0x42e7, 0x3246, 0x3285, 0x2a64, 
	0x2a84, 0x4326, 0x4b66, 0x3304, 0x4c07, 0x4c07, 0x3305, 0x32a5, 0x3286, 0x2a85, 0x43a7, 0x43a6, 0x2a84, 0x2a64, 0x32e5, 0x53e9, 
	0x42e7, 0x2a65, 0x32a6, 0x3aa7, 0x3a46, 0x3184, 0x3103, 0x3904, 0x3103, 0x3164, 0x3a05, 0x3224, 0x3aa5, 0x4b47, 0x3b05, 0x3b05, 
	0x4b88, 0x32a5, 0x2a64, 0x3ae6, 0x4326, 0x2a63, 0x3284, 0x42e6, 0x3a66, 0x3225, 0x3226, 0x3226, 0x3246, 0x2a46, 0x2a66, 0x2a65, 
	0x2a85, 0x2a64, 0x3285, 0x3a66, 0x3a26, 0x3184, 0x3144, 0x3145, 0x3144, 0x3945, 0x49c6, 0x49c7, 0x49c7, 0x39e6, 0x3a26, 0x3266, 
	0x30e4, 0x30e4, 0x4125, 0x5187, 0x4165, 0x3925, 0x3124, 0x2965, 0x3a07, 0x3a27, 0x3144, 0x30e3, 0x3164, 0x3a06, 0x3225, 0x3266, 
	0x3245, 0x3a87, 0x3a66, 0x3a66, 0x3246, 0x2a66, 0x4328, 0x2a65, 0x2a45, 0x3266, 0x3265, 0x53aa, 0x3ae6, 0x3265, 0x3266, 0x2a04, 
	0x3245, 0x3265, 0x4b67, 0x4366, 0x3b25, 0x4326, 0x2a45, 0x3246, 0x3246, 0x3245, 0x3284, 0x4b66, 0x3b25, 0x3b04, 0x2aa3, 0x32c4, 
	0x4b87, 0x3b05, 0x32a6, 0x3265, 0x3245, 0x3ac6, 0x32e5, 0x53e9, 0x53e8, 0x2a82, 0x43a5, 0x5c69, 0x4347, 0x3286, 0x3a86, 0x3225, 
	0x4287, 0x3225, 0x32a6, 0x4328, 0x3aa7, 0x3a26, 0x49e7, 0x51c7, 0x59e8, 0x51c7, 0x31c5, 0x3226, 0x3266, 0x2a45, 0x2a85, 0x32a5, 
	0x5368, 0x3a85, 0x3a05, 0x31c5, 0x3a05, 0x3a45, 0x4b26, 0x3ac5, 0x2a44, 0x4307, 0x32a5, 0x2aa4, 0x5429, 0x3b46, 0x2a64, 0x3245, 
	0x3245, 0x3245, 0x3245, 0x3205, 0x2944, 0x3165, 0x39a6, 0x31a5, 0x3a66, 0x42e7, 0x3245, 0x3a45, 0x31e5, 0x31c5, 0x29a4, 0x21a4, 
	0x3225, 0x3a66, 0x4b27, 0x42e6, 0x3ac5, 0x42c6, 0x29c4, 0x29a4, 0x3245, 0x3aa5, 0x4ba7, 0x3304, 0x5408, 0x4346, 0x2a44, 0x2a25, 
	0x3266, 0x2a45, 0x2a64, 0x4b67, 0x3b05, 0x4327, 0x3285, 0x3265, 0x39e5, 0x3185, 0x3144, 0x3164, 0x3a05, 0x42c7, 0x2a45, 0x2a45, 
	0x3ac6, 0x4327, 0x3265, 0x3a46, 0x41e6, 0x3103, 0x3904, 0x3904, 0x3124, 0x39e6, 0x3a67, 0x3246, 0x3a26, 0x3a47, 0x31e6, 0x31a5, 
	0x49a7, 0x51c8, 0x41a6, 0x39c5, 0x3245, 0x4326, 0x53e7, 0x3b24, 0x2263, 0x32c4, 0x4365, 0x32c4, 0x3a86, 0x3226, 0x3245, 0x42e7, 
	0x3ac6, 0x4b68, 0x53a8, 0x2282, 0x3364, 0x5468, 0x4bc7, 0x2a84, 0x2a65, 0x32c6, 0x4be8, 0x43a6, 0x2a64, 0x2a44, 0x32a5, 0x53a9, 
	0x3aa6, 0x2a45, 0x2a45, 0x3246, 0x3a46, 0x2943, 0x3103, 0x3904, 0x3924, 0x3144, 0x31a4, 0x3a45, 0x3265, 0x4327, 0x2a63, 0x3ae6, 
	0x3b27, 0x2a85, 0x2a65, 0x32a5, 0x4326, 0x3263, 0x2a43, 0x3aa5, 0x3245, 0x2204, 0x3246, 0x3246, 0x3246, 0x2a46, 0x2a46, 0x2a66, 
	0x2a86, 0x2a65, 0x3225, 0x3a25, 0x4206, 0x3124, 0x3925, 0x3905, 0x3925, 0x4966, 0x4145, 0x3925, 0x3945, 0x3185, 0x3a26, 0x3226, 
	0x38e5, 0x38e4, 0x38e4, 0x4125, 0x3904, 0x30e4, 0x3124, 0x3165, 0x3a27, 0x39c6, 0x3925, 0x38e4, 0x3924, 0x3144, 0x2983, 0x3a46, 
	0x3a86, 0x3245, 0x3245, 0x3a86, 0x3246, 0x3245, 0x4348, 0x3ae6, 0x2a84, 0x32c5, 0x4327, 0x3b06, 0x3285, 0x3265, 0x3205, 0x39e6, 
	0x3a47, 0x3246, 0x3265, 0x32a4, 0x3b05, 0x4326, 0x3a86, 0x3226, 0x29a5, 0x29e5, 0x3264, 0x4b47, 0x4ba7, 0x3b25, 0x2262, 0x32e5, 
	0x4ba7, 0x32c5, 0x2a65, 0x3265, 0x3265, 0x4307, 0x32e5, 0x3b25, 0x53c8, 0x1a41, 0x43c5, 0x5c68, 0x3b46, 0x2a44, 0x3286, 0x3a66, 
	0x3a45, 0x3244, 0x4347, 0x4b68, 0x3266, 0x4267, 0x49e7, 0x3925, 0x3924, 0x4165, 0x3a06, 0x3246, 0x3246, 0x3266, 0x32a6, 0x2a65, 
	0x4ae7, 0x3a45, 0x2944, 0x2944, 0x31c5, 0x3a25, 0x2a24, 0x3285, 0x3244, 0x4b08, 0x3aa5, 0x32a4, 0x5c29, 0x4366, 0x3284, 0x3225, 
	0x31e4, 0x31a4, 0x3a26, 0x4247, 0x3144, 0x28e3, 0x3124, 0x2944, 0x3226, 0x3225, 0x3a46, 0x2984, 0x2924, 0x2924, 0x2143, 0x1962, 
	0x2a24, 0x3264, 0x3265, 0x3265, 0x3285, 0x3245, 0x2163, 0x2984, 0x3a26, 0x3245, 0x32e6, 0x3b67, 0x3b25, 0x32c5, 0x3265, 0x3266, 
	0x2a45, 0x3266, 0x3285, 0x32a5, 0x2a64, 0x3ac6, 0x3ae6, 0x3225, 0x2963, 0x3123, 0x3123, 0x2923, 0x39c5, 0x42a7, 0x3265, 0x32a5, 
	0x3b06, 0x3ae5, 0x2a65, 0x3225, 0x39e6, 0x3124, 0x3905, 0x30e4, 0x3104, 0x39a5, 0x3a06, 0x3a06, 0x39e6, 0x4207, 0x3165, 0x28e4, 
	0x30c4, 0x4146, 0x3124, 0x3185, 0x3246, 0x3285, 0x4366, 0x4bc7, 0x2263, 0x3b26, 0x53c8, 0x3284, 0x3246, 0x3a88, 0x2a25, 0x42e8, 
	0x3a86, 0x4307, 0x4b67, 0x2a82, 0x3b63, 0x5426, 0x4bc7, 0x32a4, 0x2a65, 0x3ac6, 0x5408, 0x43a7, 0x3285, 0x2a25, 0x3ac6, 0x4b08, 
	0x2a25, 0x3246, 0x3266, 0x3266, 0x3a66, 0x29a4, 0x2943, 0x3103, 0x30c3, 0x30e3, 0x3144, 0x4206, 0x3a46, 0x42e7, 0x2a84, 0x32c5, 
	0x32c6, 0x2a65, 0x2a65, 0x2a65, 0x3aa5, 0x2a44, 0x3aa5, 0x4307, 0x2a64, 0x2a44, 0x2a64, 0x2a65, 0x3ac7, 0x3aa7, 0x3225, 0x3246, 
	0x3a87, 0x2a25, 0x3205, 0x31a4, 0x3124, 0x38e4, 0x38e5, 0x38c4, 0x38e4, 0x4125, 0x38e5, 0x38e4, 0x3105, 0x3985, 0x4247, 0x3a46, 
	0x38e5, 0x38e5, 0x38e4, 0x38e4, 0x38e4, 0x38e4, 0x3104, 0x3145, 0x39c6, 0x3986, 0x4105, 0x38c4, 0x30e4, 0x30e4, 0x3164, 0x3a05, 
	0x3a65, 0x3a85, 0x3aa5, 0x3a86, 0x3225, 0x2a25, 0x4327, 0x4367, 0x2283, 0x4347, 0x4b88, 0x2a64, 0x3265, 0x3a25, 0x3184, 0x2944, 
	0x39c6, 0x31e5, 0x3246, 0x2a44, 0x2a44, 0x3aa6, 0x3a66, 0x3206, 0x2985, 0x31e5, 0x3a66, 0x3285, 0x3b06, 0x4326, 0x32a4, 0x4326, 
	0x4b88, 0x3ae6, 0x3245, 0x3225, 0x3225, 0x3265, 0x2264, 0x2aa5, 0x3b06, 0x3b25, 0x3b64, 0x5427, 0x4be7, 0x3b26, 0x3a86, 0x3245, 
	0x3aa6, 0x4b27, 0x4347, 0x3ae6, 0x3245, 0x3a06, 0x3986, 0x3925, 0x30e4, 0x3985, 0x3a27, 0x3226, 0x3226, 0x3226, 0x2a45, 0x3266, 
	0x3a25, 0x31a4, 0x2924, 0x2904, 0x2964, 0x4226, 0x3a66, 0x21c3, 0x29e4, 0x4ae8, 0x3aa5, 0x32a4, 0x5408, 0x5408, 0x3ae6, 0x3224, 
	0x2943, 0x3164, 0x39e6, 0x31a5, 0x2943, 0x3143, 0x2122, 0x2142, 0x3245, 0x3265, 0x3245, 0x31e4, 0x2944, 0x2924, 0x4ae8, 0x7c8d, 
	0x5388, 0x5388, 0x4b28, 0x29e4, 0x3205, 0x3205, 0x2944, 0x3164, 0x4a47, 0x3a46, 0x2a86, 0x3b07, 0x2aa4, 0x2243, 0x3285, 0x2a45, 
	0x3266, 0x3246, 0x3245, 0x3245, 0x3265, 0x32a6, 0x3ac7, 0x3ac7, 0x3a25, 0x2963, 0x2922, 0x2963, 0x2983, 0x2a05, 0x2a65, 0x4b88, 
	0x4ba8, 0x2243, 0x3245, 0x3a46, 0x39e6, 0x3104, 0x30e4, 0x3904, 0x3104, 0x3164, 0x4226, 0x3184, 0x2943, 0x2903, 0x3124, 0x38e4, 
	0x38e5, 0x38c4, 0x3104, 0x3144, 0x2984, 0x29e4, 0x3ac5, 0x4ba7, 0x32e6, 0x3b07, 0x4b68, 0x4306, 0x3246, 0x2a06, 0x3226, 0x3246, 
	0x3225, 0x3245, 0x32a5, 0x3b04, 0x3b64, 0x5426, 0x5407, 0x4346, 0x2a44, 0x2a65, 0x3b66, 0x43a7, 0x3ae7, 0x2a25, 0x3aa6, 0x4b28, 
	0x3245, 0x3246, 0x2a46, 0x2a45, 0x2a64, 0x3264, 0x29c2, 0x31a2, 0x3163, 0x3122, 0x2923, 0x31a5, 0x3a26, 0x3245, 0x3265, 0x2a44, 
	0x2a45, 0x2a66, 0x2a66, 0x3266, 0x3245, 0x3245, 0x3ac6, 0x3ac6, 0x2aa5, 0x3b06, 0x3b27, 0x3b27, 0x3ac6, 0x3225, 0x3a25, 0x3a26, 
	0x3205, 0x3a26, 0x3a06, 0x3145, 0x30e4, 0x30c4, 0x38e5, 0x38e4, 0x3904, 0x38e4, 0x3905, 0x38e5, 0x30e4, 0x3965, 0x39c5, 0x31c5, 
	0x30e5, 0x3905, 0x3904, 0x3904, 0x38e4, 0x38e4, 0x3904, 0x3104, 0x2924, 0x28e3, 0x38c4, 0x40e4, 0x38e5, 0x30e4, 0x3104, 0x3184, 
	0x3a45, 0x3ac6, 0x3aa5, 0x3244, 0x3265, 0x3265, 0x4b68, 0x32c4, 0x2ac4, 0x4bc8, 0x3b26, 0x3264, 0x3225, 0x2963, 0x3144, 0x3125, 
	0x3125, 0x2945, 0x3a06, 0x3a46, 0x3245, 0x3225, 0x31e5, 0x39c5, 0x39e6, 0x4207, 0x3a26, 0x3205, 0x2a24, 0x4307, 0x4307, 0x2a44, 
	0x3265, 0x3245, 0x3225, 0x21a4, 0x3206, 0x3226, 0x2a46, 0x2a65, 0x32c5, 0x5429, 0x3343, 0x4be5, 0x5446, 0x3b64, 0x2a64, 0x3266, 
	0x4327, 0x4b48, 0x32a5, 0x3285, 0x29a3, 0x2943, 0x3124, 0x38e4, 0x3904, 0x3103, 0x39c5, 0x3a26, 0x3a27, 0x3a26, 0x3a46, 0x3246, 
	0x4227, 0x3985, 0x3104, 0x30e4, 0x3964, 0x41c5, 0x39e4, 0x29a3, 0x29e5, 0x42a7, 0x3285, 0x2264, 0x32c5, 0x53c8, 0x42c5, 0x3a04, 
	0x3124, 0x3104, 0x2944, 0x2143, 0x2162, 0x3203, 0x2a02, 0x3ac4, 0x3b44, 0x3b45, 0x4325, 0x5347, 0x29c2, 0x4285, 0xae52, 0x95af, 
	0x6408, 0x5387, 0x42c6, 0x31e5, 0x29a5, 0x2944, 0x3103, 0x3924, 0x4186, 0x39c6, 0x3226, 0x2a45, 0x2a65, 0x2a65, 0x2a65, 0x2a45, 
	0x3225, 0x29c4, 0x3a05, 0x3a47, 0x3246, 0x3246, 0x3265, 0x3265, 0x5ba9, 0x42c6, 0x2182, 0x21a3, 0x3245, 0x3ac6, 0x3284, 0x4b88, 
	0x53a9, 0x2a24, 0x3a25, 0x39e6, 0x3965, 0x3104, 0x3904, 0x3104, 0x30e3, 0x3964, 0x4a47, 0x3163, 0x2902, 0x3944, 0x4145, 0x38c3, 
	0x38c4, 0x38e4, 0x3904, 0x2904, 0x2924, 0x2984, 0x3204, 0x42e6, 0x3ac6, 0x2a25, 0x3245, 0x3245, 0x3226, 0x21a4, 0x3205, 0x3a26, 
	0x3226, 0x3245, 0x32a5, 0x4ba7, 0x3b44, 0x4bc5, 0x5427, 0x4365, 0x2244, 0x2a65, 0x2aa4, 0x2ac4, 0x32c6, 0x3286, 0x2a45, 0x42c7, 
	0x3226, 0x3246, 0x2a46, 0x32a5, 0x3b45, 0x4bc6, 0x6ca8, 0x9dee, 0xa5af, 0x3a43, 0x2982, 0x31a4, 0x3a26, 0x3a46, 0x3a46, 0x3225, 
	0x3246, 0x3246, 0x3246, 0x3246, 0x3246, 0x3246, 0x3245, 0x2a44, 0x32c6, 0x642b, 0x4b88, 0x32a5, 0x3245, 0x3a25, 0x31a4, 0x3164, 
	0x41c5, 0x3164, 0x3145, 0x3105, 0x30e5, 0x3905, 0x30e4, 0x38e4, 0x30e4, 0x3905, 0x30e5, 0x30c5, 0x38e5, 0x38e4, 0x3103, 0x3123, 
	0x38e5, 0x38e5, 0x30e4, 0x30e4, 0x38e4, 0x38e4, 0x38c4, 0x38c4, 0x30e3, 0x3904, 0x3904, 0x38c4, 0x30c4, 0x3105, 0x3104, 0x2903, 
	0x2983, 0x3245, 0x4ae7, 0x4307, 0x3286, 0x2a45, 0x3ae6, 0x32a4, 0x4367, 0x3b46, 0x32c5, 0x3265, 0x3a05, 0x3164, 0x2904, 0x3105, 
	0x3105, 0x3946, 0x39e6, 0x3a06, 0x3a06, 0x39e5, 0x3184, 0x41c5, 0x41a5, 0x4a07, 0x4207, 0x2163, 0x29c4, 0x42c7, 0x3a86, 0x3225, 
	0x3226, 0x3a26, 0x3a06, 0x2964, 0x31e6, 0x3a27, 0x29c5, 0x2a25, 0x32a6, 0x4387, 0x3304, 0x43c6, 0x5446, 0x3b44, 0x2243, 0x3286, 
	0x3ac7, 0x2a65, 0x3244, 0x31e4, 0x2943, 0x3103, 0x30e4, 0x38e5, 0x30e4, 0x3104, 0x3184, 0x31a5, 0x3164, 0x3164, 0x31a4, 0x4226, 
	0x39e6, 0x3145, 0x30e4, 0x3905, 0x3904, 0x3124, 0x2923, 0x2123, 0x29a4, 0x3a46, 0x2a44, 0x2a64, 0x2264, 0x3ae6, 0x3a85, 0x31c4, 
	0x2903, 0x3145, 0x2143, 0x1961, 0x4b06, 0x852d, 0x750a, 0x5c87, 0x4c46, 0x4c26, 0x53e7, 0x4b66, 0x2a02, 0x63e9, 0x8d6d, 0x4b86, 
	0x5367, 0x42a5, 0x29a3, 0x31a5, 0x39c6, 0x3104, 0x38e4, 0x38e4, 0x3904, 0x3104, 0x39e6, 0x3a46, 0x3a46, 0x3245, 0x3266, 0x3246, 
	0x3205, 0x2984, 0x2964, 0x39e6, 0x3a07, 0x3226, 0x3246, 0x3285, 0x3ac6, 0x5388, 0x4306, 0x2a23, 0x32a5, 0x4347, 0x32a5, 0x3ac5, 
	0x3a85, 0x3225, 0x31c4, 0x2902, 0x2902, 0x3123, 0x2903, 0x3124, 0x3124, 0x3144, 0x3984, 0x39a5, 0x3984, 0x3944, 0x59a6, 0x59a7, 
	0x5186, 0x3904, 0x30e3, 0x3104, 0x3925, 0x2904, 0x2943, 0x3a46, 0x3a66, 0x3205, 0x3a26, 0x3206, 0x3206, 0x29a5, 0x39e6, 0x3a06, 
	0x29c5, 0x2a26, 0x3286, 0x4347, 0x3b25, 0x4385, 0x5428, 0x3b66, 0x2a86, 0x2245, 0x2ac5, 0x4347, 0x4327, 0x32a6, 0x2a45, 0x2a24, 
	0x3265, 0x2a24, 0x2204, 0x3ae6, 0x5408, 0x5426, 0x5ca6, 0x7548, 0xae8f, 0xc713, 0x954e, 0x2181, 0x29a3, 0x2983, 0x3184, 0x3184, 
	0x39e5, 0x3a06, 0x3226, 0x3226, 0x2a26, 0x3226, 0x3246, 0x3245, 0x3a85, 0x3ac6, 0x2a44, 0x3245, 0x3a46, 0x31a5, 0x3965, 0x49a6, 
	0x49c6, 0x4165, 0x30e4, 0x30e5, 0x30e5, 0x30c4, 0x38e4, 0x3104, 0x3104, 0x30e4, 0x30e5, 0x38e5, 0x38e4, 0x38e4, 0x38e3, 0x30c2, 
	0x30c4, 0x30e4, 0x3104, 0x3904, 0x38e4, 0x40c4, 0x40c4, 0x4104, 0x4965, 0x51c6, 0x51c6, 0x4125, 0x30c4, 0x30e4, 0x3105, 0x28e4, 
	0x2924, 0x31a4, 0x4266, 0x42e7, 0x42c7, 0x3ac7, 0x2a44, 0x2a64, 0x4b68, 0x32a5, 0x3245, 0x3225, 0x3a06, 0x41e7, 0x3985, 0x3124, 
	0x30c4, 0x3105, 0x3124, 0x3124, 0x39a5, 0x41c6, 0x49a5, 0x5a47, 0x5207, 0x4185, 0x3124, 0x2944, 0x31a5, 0x4206, 0x39e6, 0x3a06, 
	0x4207, 0x3185, 0x3145, 0x3124, 0x3165, 0x31a6, 0x3185, 0x3a06, 0x3225, 0x3245, 0x3285, 0x4b47, 0x5c08, 0x3b24, 0x2203, 0x3a86, 
	0x3246, 0x3205, 0x4226, 0x3164, 0x3944, 0x4125, 0x38e5, 0x3905, 0x38e4, 0x30e4, 0x3103, 0x3103, 0x30e3, 0x3924, 0x3123, 0x3964, 
	0x3144, 0x3104, 0x38e4, 0x38e5, 0x30e5, 0x30e5, 0x3105, 0x2924, 0x31a4, 0x3224, 0x3284, 0x3ac5, 0x3264, 0x3286, 0x3a66, 0x31c4, 
	0x39e5, 0x31e4, 0x2a43, 0x4365, 0x750b, 0x7d4b, 0x54a6, 0x4445, 0x4c66, 0x5427, 0x5bc8, 0x2a42, 0x4b26, 0x63e9, 0x6409, 0x4b26, 
	0x29a2, 0x3183, 0x2923, 0x3986, 0x4166, 0x30c4, 0x4104, 0x40e4, 0x38e5, 0x30e4, 0x39a5, 0x4206, 0x39e5, 0x39e5, 0x3a05, 0x3a05, 
	0x4206, 0x39c5, 0x3145, 0x2945, 0x3185, 0x31e5, 0x3246, 0x2a25, 0x2a45, 0x3ac6, 0x5bc9, 0x4b88, 0x3284, 0x3285, 0x32a5, 0x3244, 
	0x3245, 0x29a3, 0x2142, 0x3183, 0x31a4, 0x4205, 0x3183, 0x2102, 0x2903, 0x3104, 0x3124, 0x41c6, 0x5227, 0x5207, 0x6a28, 0x61e7, 
	0x61e7, 0x4965, 0x3904, 0x30c4, 0x38e4, 0x3904, 0x3104, 0x39a6, 0x4227, 0x39e6, 0x39e6, 0x3185, 0x2964, 0x2944, 0x3164, 0x3164, 
	0x2984, 0x31e5, 0x2a25, 0x3a86, 0x3aa5, 0x3b05, 0x5408, 0x4347, 0x2225, 0x2a26, 0x2245, 0x4b48, 0x4327, 0x2a64, 0x3285, 0x2a44, 
	0x2a63, 0x32c4, 0x32a5, 0x2243, 0x3b45, 0x5427, 0x4c45, 0x4404, 0x64e7, 0x85ed, 0xaed2, 0x7cec, 0x21a1, 0x39e4, 0x5247, 0x4186, 
	0x3124, 0x39c6, 0x3a26, 0x3a26, 0x3226, 0x3226, 0x3206, 0x3225, 0x3a25, 0x3205, 0x3206, 0x3206, 0x39c6, 0x2924, 0x4987, 0x6229, 
	0x4965, 0x4104, 0x30c4, 0x30c4, 0x38e4, 0x30c4, 0x30e3, 0x3104, 0x3104, 0x30e4, 0x3905, 0x38e4, 0x38a3, 0x4925, 0x5186, 0x4104, 
	0x38e5, 0x38c4, 0x30e3, 0x3904, 0x5166, 0x5167, 0x5126, 0x4905, 0x59c7, 0x59e7, 0x51e7, 0x4166, 0x3105, 0x30e4, 0x30e4, 0x3104, 
	0x3125, 0x2924, 0x31c5, 0x3a25, 0x3a86, 0x5349, 0x3ac6, 0x2a64, 0x3285, 0x3265, 0x3225, 0x3a06, 0x31a5, 0x3986, 0x41c6, 0x3145, 
	0x38e5, 0x38e5, 0x30e4, 0x3924, 0x41a6, 0x49a6, 0x4985, 0x59e6, 0x5a07, 0x49a6, 0x30e4, 0x3104, 0x3124, 0x3124, 0x3144, 0x2924, 
	0x3124, 0x3124, 0x3104, 0x4186, 0x3946, 0x3945, 0x41a7, 0x39a6, 0x3a26, 0x3a26, 0x3226, 0x3245, 0x4306, 0x42e5, 0x2a44, 0x3246, 
	0x3a27, 0x31c5, 0x2924, 0x3924, 0x59c8, 0x4926, 0x30c4, 0x30c5, 0x38e5, 0x30c4, 0x3904, 0x30e3, 0x40e3, 0x59a6, 0x6208, 0x5a08, 
	0x3944, 0x3904, 0x38e4, 0x38e5, 0x38e5, 0x30e5, 0x30e5, 0x2904, 0x3184, 0x4286, 0x6c2a, 0x6c4b, 0x4b08, 0x3a87, 0x3a67, 0x3a47, 
	0x3205, 0x3a85, 0x4ba6, 0x5c67, 0x752a, 0x5c67, 0x4c65, 0x4445, 0x4c46, 0x53e7, 0x42c5, 0x29e3, 0x5ba8, 0x5bc8, 0x42a5, 0x2982, 
	0x2923, 0x3124, 0x3104, 0x3105, 0x30c4, 0x38e5, 0x38e4, 0x38e4, 0x38c4, 0x3905, 0x3923, 0x3964, 0x3984, 0x3984, 0x3984, 0x3964, 
	0x39a5, 0x41e6, 0x3145, 0x20e4, 0x2924, 0x31a5, 0x3a47, 0x3206, 0x2184, 0x3a45, 0x5348, 0x5368, 0x2a44, 0x3265, 0x3265, 0x3245, 
	0x2a04, 0x29a3, 0x4245, 0x73cb, 0x9d50, 0xb613, 0x742c, 0x2983, 0x2923, 0x3104, 0x3104, 0x30e4, 0x3945, 0x51c7, 0x59c7, 0x59c7, 
	0x59e7, 0x51a7, 0x4146, 0x38c4, 0x38c4, 0x38e4, 0x30e5, 0x3105, 0x3125, 0x3124, 0x3145, 0x3124, 0x3144, 0x3145, 0x3965, 0x3964, 
	0x39e6, 0x3a06, 0x3a06, 0x3a26, 0x3204, 0x3244, 0x4327, 0x3ac6, 0x3246, 0x2a26, 0x2a46, 0x3245, 0x3265, 0x2a24, 0x3244, 0x53a8, 
	0x4bc7, 0x7d2c, 0x852e, 0x32c5, 0x32e5, 0x5428, 0x5447, 0x5486, 0x4c25, 0x4c05, 0x64c9, 0x8dae, 0x6c2a, 0x4aa6, 0x4a07, 0x4166, 
	0x28c3, 0x3945, 0x39c5, 0x3a06, 0x3a27, 0x3206, 0x31c5, 0x31a4, 0x39e5, 0x3184, 0x2964, 0x2924, 0x3125, 0x28e5, 0x3905, 0x38c5, 
	0x40e4, 0x38a3, 0x3905, 0x3905, 0x4125, 0x4125, 0x30c3, 0x30e4, 0x30c4, 0x30c4, 0x4146, 0x4986, 0x4104, 0x4924, 0x51a7, 0x59c8, 
	0x38e5, 0x38e4, 0x30e4, 0x3904, 0x59a7, 0x61c8, 0x5988, 0x5126, 0x38c3, 0x38c3, 0x38e3, 0x38e4, 0x3104, 0x30e4, 0x30e4, 0x30e5, 
	0x30e4, 0x3105, 0x3164, 0x31c5, 0x3226, 0x3245, 0x2a45, 0x42e8, 0x2a25, 0x3226, 0x3206, 0x3a06, 0x39a6, 0x3145, 0x39a6, 0x3965, 
	0x30e4, 0x38c4, 0x30e4, 0x3904, 0x4145, 0x3924, 0x38e3, 0x38e3, 0x51a6, 0x6208, 0x4986, 0x38e4, 0x3904, 0x30e4, 0x3104, 0x30e4, 
	0x30e4, 0x30c3, 0x3924, 0x38e4, 0x4146, 0x5a08, 0x3925, 0x3104, 0x3165, 0x2944, 0x2144, 0x31c5, 0x3a66, 0x3245, 0x2a04, 0x3a46, 
	0x3a07, 0x39a6, 0x28c3, 0x4105, 0x59c8, 0x4946, 0x38e5, 0x38e5, 0x30c4, 0x3905, 0x51c7, 0x4145, 0x4104, 0x5125, 0x5186, 0x59c7, 
	0x4946, 0x38e4, 0x38c4, 0x38e5, 0x3905, 0x30c5, 0x30c5, 0x3104, 0x3164, 0x3a05, 0x5327, 0x5348, 0x42a7, 0x3a46, 0x31e6, 0x29c5, 
	0x29e5, 0x3aa6, 0x4be7, 0x5c88, 0x5c68, 0x43a5, 0x43c5, 0x43a6, 0x4b87, 0x5368, 0x31e4, 0x31c4, 0x3a85, 0x3a44, 0x2963, 0x2903, 
	0x3104, 0x30e4, 0x38e4, 0x3905, 0x38e4, 0x3905, 0x30c3, 0x38e4, 0x38e4, 0x30e4, 0x3904, 0x59e7, 0x4985, 0x4985, 0x6228, 0x4185, 
	0x3123, 0x3965, 0x3124, 0x2904, 0x2924, 0x2944, 0x39a6, 0x39a5, 0x3164, 0x39e6, 0x3a05, 0x3a25, 0x3265, 0x4b08, 0x3aa7, 0x2a05, 
	0x1982, 0x42c7, 0x63ca, 0x63ea, 0x642a, 0x6cac, 0x6c4b, 0x63aa, 0x2984, 0x2903, 0x3105, 0x30c5, 0x30e5, 0x4125, 0x38c3, 0x38e4, 
	0x3904, 0x38e4, 0x38e5, 0x38e5, 0x38e4, 0x38e4, 0x38e5, 0x38e6, 0x3105, 0x3104, 0x3104, 0x30e3, 0x3124, 0x3945, 0x49c7, 0x51e7, 
	0x2904, 0x2924, 0x3144, 0x3144, 0x2943, 0x2984, 0x3205, 0x3205, 0x3a26, 0x3a26, 0x3a26, 0x29a4, 0x31a4, 0x31a4, 0x29e3, 0x5bc9, 
	0x53e7, 0x5428, 0x6ccd, 0x3b27, 0x2243, 0x3305, 0x4386, 0x3b85, 0x43a6, 0x3b65, 0x4bc6, 0x6449, 0x74ac, 0x5348, 0x39c6, 0x2905, 
	0x3105, 0x3105, 0x2924, 0x2964, 0x31c6, 0x31a6, 0x2944, 0x2944, 0x28e3, 0x3103, 0x3104, 0x3105, 0x3105, 0x30e4, 0x38e5, 0x38e5, 
	0x38c4, 0x40e4, 0x4966, 0x4166, 0x4966, 0x4986, 0x4105, 0x38e4, 0x3905, 0x38e4, 0x4966, 0x61e8, 0x6208, 0x59a7, 0x4966, 0x4125, 
	0x38a4, 0x38e5, 0x3904, 0x38e4, 0x5187, 0x61c8, 0x61a8, 0x5987, 0x4104, 0x38e3, 0x38e3, 0x38e4, 0x3104, 0x30e4, 0x30e4, 0x30c4, 
	0x3905, 0x3105, 0x2924, 0x2143, 0x2183, 0x2a04, 0x2a24, 0x21c3, 0x29e5, 0x29c5, 0x29a4, 0x3185, 0x3165, 0x3145, 0x2944, 0x2904, 
	0x3104, 0x38e4, 0x38e4, 0x38e5, 0x38e4, 0x38e4, 0x38e3, 0x38e3, 0x4124, 0x4965, 0x4966, 0x38e4, 0x30e4, 0x30e4, 0x30c3, 0x38e4, 
	0x38c4, 0x38e5, 0x38e4, 0x38c4, 0x38e4, 0x4945, 0x4124, 0x30c3, 0x3945, 0x49e8, 0x3186, 0x2944, 0x29a4, 0x3205, 0x3246, 0x3a26, 
	0x31a5, 0x3165, 0x3105, 0x38c4, 0x38c4, 0x38e5, 0x30e5, 0x30c4, 0x38e5, 0x4105, 0x4986, 0x4124, 0x61e7, 0x5986, 0x40c4, 0x38a4, 
	0x40e4, 0x38c4, 0x38c4, 0x38e4, 0x30e4, 0x30e5, 0x30e5, 0x3105, 0x2923, 0x31c4, 0x2a03, 0x2a03, 0x29c4, 0x29a4, 0x29a5, 0x2184, 
	0x21a4, 0x2a45, 0x2ac2, 0x3b64, 0x2aa2, 0x2aa2, 0x22c3, 0x2283, 0x3ac6, 0x21a3, 0x2923, 0x39c5, 0x3204, 0x2161, 0x3124, 0x30c4, 
	0x38c4, 0x38e4, 0x38e4, 0x38c4, 0x30a3, 0x38c4, 0x4145, 0x49c7, 0x4145, 0x49a7, 0x4124, 0x6208, 0x59c6, 0x4124, 0x5186, 0x4145, 
	0x3103, 0x3124, 0x30e4, 0x3104, 0x2925, 0x2904, 0x2904, 0x2924, 0x2903, 0x2903, 0x3184, 0x31c4, 0x21a2, 0x21c3, 0x2a26, 0x3226, 
	0x3246, 0x3aa6, 0x3ac5, 0x32c4, 0x3324, 0x2ae4, 0x2aa3, 0x3285, 0x3a05, 0x3124, 0x30c5, 0x38c5, 0x38e5, 0x38e5, 0x30c3, 0x38e4, 
	0x38e3, 0x38c4, 0x38c4, 0x38c5, 0x38c4, 0x38c4, 0x38c5, 0x30c5, 0x30e5, 0x30e4, 0x3104, 0x3104, 0x3104, 0x30e4, 0x3104, 0x3104, 
	0x3104, 0x30e3, 0x3103, 0x3103, 0x28e2, 0x2923, 0x2123, 0x2984, 0x2984, 0x31a4, 0x2964, 0x2943, 0x2944, 0x2102, 0x29a2, 0x3a84, 
	0x3324, 0x2ae4, 0x2ae5, 0x2a85, 0x2a84, 0x2284, 0x2a83, 0x2a83, 0x2262, 0x2aa3, 0x2241, 0x32c3, 0x4346, 0x4b07, 0x4268, 0x20e4, 
	0x3106, 0x30e5, 0x28e3, 0x2923, 0x2965, 0x2945, 0x2924, 0x3124, 0x3103, 0x3104, 0x30e4, 0x30e5, 0x3105, 0x38e5, 0x30c4, 0x38c4, 
	0x4105, 0x5187, 0x49a7, 0x4986, 0x4966, 0x4966, 0x4966, 0x40e4, 0x4105, 0x4125, 0x4945, 0x4925, 0x4924, 0x4925, 0x4105, 0x38e4
};
